run_id,run_name,seed,noise_type,noise_fraction,parent,parent_id,n,leaf_accuracy,parent_accuracy
feature_clip_flat_s42,clip_flat,42,none,0.0,aquatic_mammals,0,500,49.800000,68.400002
feature_clip_flat_s42,clip_flat,42,none,0.0,fish,1,500,68.599999,79.200000
feature_clip_flat_s42,clip_flat,42,none,0.0,flowers,2,500,79.000002,92.000002
feature_clip_flat_s42,clip_flat,42,none,0.0,food_containers,3,500,74.599999,86.199999
feature_clip_flat_s42,clip_flat,42,none,0.0,fruit_and_vegetables,4,500,81.999999,90.399998
feature_clip_flat_s42,clip_flat,42,none,0.0,household_electrical_devices,5,500,83.999997,87.599999
feature_clip_flat_s42,clip_flat,42,none,0.0,household_furniture,6,500,77.800000,91.000003
feature_clip_flat_s42,clip_flat,42,none,0.0,insects,7,500,78.200001,88.200003
feature_clip_flat_s42,clip_flat,42,none,0.0,large_carnivores,8,500,67.799997,73.799998
feature_clip_flat_s42,clip_flat,42,none,0.0,large_man_made_outdoor_things,9,500,87.400001,91.799998
feature_clip_flat_s42,clip_flat,42,none,0.0,large_natural_outdoor_scenes,10,500,81.199998,88.400000
feature_clip_flat_s42,clip_flat,42,none,0.0,large_omnivores_and_herbivores,11,500,72.600001,79.200000
feature_clip_flat_s42,clip_flat,42,none,0.0,medium_mammals,12,500,66.200000,70.200002
feature_clip_flat_s42,clip_flat,42,none,0.0,non_insect_invertebrates,13,500,68.000001,74.000001
feature_clip_flat_s42,clip_flat,42,none,0.0,people,14,500,74.400002,94.599998
feature_clip_flat_s42,clip_flat,42,none,0.0,reptiles,15,500,55.800003,65.200001
feature_clip_flat_s42,clip_flat,42,none,0.0,small_mammals,16,500,54.400003,68.800002
feature_clip_flat_s42,clip_flat,42,none,0.0,trees,17,500,68.199998,93.199998
feature_clip_flat_s42,clip_flat,42,none,0.0,vehicles_1,18,500,85.399997,90.799999
feature_clip_flat_s42,clip_flat,42,none,0.0,vehicles_2,19,500,85.000002,87.800002
feature_clip_hier_clean_s42,clip_hier_clean,42,none,0.0,aquatic_mammals,0,500,51.800001,69.199997
feature_clip_hier_clean_s42,clip_hier_clean,42,none,0.0,fish,1,500,67.600000,72.799999
feature_clip_hier_clean_s42,clip_hier_clean,42,none,0.0,flowers,2,500,79.799998,90.399998
feature_clip_hier_clean_s42,clip_hier_clean,42,none,0.0,food_containers,3,500,73.799998,85.399997
feature_clip_hier_clean_s42,clip_hier_clean,42,none,0.0,fruit_and_vegetables,4,500,82.999998,86.199999
feature_clip_hier_clean_s42,clip_hier_clean,42,none,0.0,household_electrical_devices,5,500,85.000002,85.000002
feature_clip_hier_clean_s42,clip_hier_clean,42,none,0.0,household_furniture,6,500,77.800000,86.600000
feature_clip_hier_clean_s42,clip_hier_clean,42,none,0.0,insects,7,500,78.399998,85.600001
feature_clip_hier_clean_s42,clip_hier_clean,42,none,0.0,large_carnivores,8,500,66.000003,68.199998
feature_clip_hier_clean_s42,clip_hier_clean,42,none,0.0,large_man_made_outdoor_things,9,500,88.999999,89.999998
feature_clip_hier_clean_s42,clip_hier_clean,42,none,0.0,large_natural_outdoor_scenes,10,500,81.599998,88.599998
feature_clip_hier_clean_s42,clip_hier_clean,42,none,0.0,large_omnivores_and_herbivores,11,500,72.200000,78.799999
feature_clip_hier_clean_s42,clip_hier_clean,42,none,0.0,medium_mammals,12,500,66.399997,64.600003
feature_clip_hier_clean_s42,clip_hier_clean,42,none,0.0,non_insect_invertebrates,13,500,69.000000,68.199998
feature_clip_hier_clean_s42,clip_hier_clean,42,none,0.0,people,14,500,75.000000,94.999999
feature_clip_hier_clean_s42,clip_hier_clean,42,none,0.0,reptiles,15,500,54.400003,51.400000
feature_clip_hier_clean_s42,clip_hier_clean,42,none,0.0,small_mammals,16,500,52.200001,60.000002
feature_clip_hier_clean_s42,clip_hier_clean,42,none,0.0,trees,17,500,67.799997,91.799998
feature_clip_hier_clean_s42,clip_hier_clean,42,none,0.0,vehicles_1,18,500,85.000002,87.599999
feature_clip_hier_clean_s42,clip_hier_clean,42,none,0.0,vehicles_2,19,500,83.800000,80.199999
feature_clip_hier_uniform_nf0.05_s42,clip_hier_noisy,42,uniform,0.05,aquatic_mammals,0,500,51.200002,68.800002
feature_clip_hier_uniform_nf0.05_s42,clip_hier_noisy,42,uniform,0.05,fish,1,500,66.799998,73.400003
feature_clip_hier_uniform_nf0.05_s42,clip_hier_noisy,42,uniform,0.05,flowers,2,500,79.000002,90.200001
feature_clip_hier_uniform_nf0.05_s42,clip_hier_noisy,42,uniform,0.05,food_containers,3,500,75.400001,87.400001
feature_clip_hier_uniform_nf0.05_s42,clip_hier_noisy,42,uniform,0.05,fruit_and_vegetables,4,500,83.399999,85.600001
feature_clip_hier_uniform_nf0.05_s42,clip_hier_noisy,42,uniform,0.05,household_electrical_devices,5,500,83.200002,80.000001
feature_clip_hier_uniform_nf0.05_s42,clip_hier_noisy,42,uniform,0.05,household_furniture,6,500,77.800000,88.999999
feature_clip_hier_uniform_nf0.05_s42,clip_hier_noisy,42,uniform,0.05,insects,7,500,78.200001,86.799997
feature_clip_hier_uniform_nf0.05_s42,clip_hier_noisy,42,uniform,0.05,large_carnivores,8,500,66.399997,70.400000
feature_clip_hier_uniform_nf0.05_s42,clip_hier_noisy,42,uniform,0.05,large_man_made_outdoor_things,9,500,89.399999,90.200001
feature_clip_hier_uniform_nf0.05_s42,clip_hier_noisy,42,uniform,0.05,large_natural_outdoor_scenes,10,500,80.400002,88.200003
feature_clip_hier_uniform_nf0.05_s42,clip_hier_noisy,42,uniform,0.05,large_omnivores_and_herbivores,11,500,72.000003,78.200001
feature_clip_hier_uniform_nf0.05_s42,clip_hier_noisy,42,uniform,0.05,medium_mammals,12,500,67.000002,63.999999
feature_clip_hier_uniform_nf0.05_s42,clip_hier_noisy,42,uniform,0.05,non_insect_invertebrates,13,500,68.400002,64.200002
feature_clip_hier_uniform_nf0.05_s42,clip_hier_noisy,42,uniform,0.05,people,14,500,75.599998,95.599997
feature_clip_hier_uniform_nf0.05_s42,clip_hier_noisy,42,uniform,0.05,reptiles,15,500,54.600000,52.800000
feature_clip_hier_uniform_nf0.05_s42,clip_hier_noisy,42,uniform,0.05,small_mammals,16,500,50.000000,53.200001
feature_clip_hier_uniform_nf0.05_s42,clip_hier_noisy,42,uniform,0.05,trees,17,500,66.799998,90.600002
feature_clip_hier_uniform_nf0.05_s42,clip_hier_noisy,42,uniform,0.05,vehicles_1,18,500,85.000002,88.999999
feature_clip_hier_uniform_nf0.05_s42,clip_hier_noisy,42,uniform,0.05,vehicles_2,19,500,83.999997,78.600001
feature_clip_hier_uniform_nf0.1_s42,clip_hier_noisy,42,uniform,0.1,aquatic_mammals,0,500,51.599997,69.000000
feature_clip_hier_uniform_nf0.1_s42,clip_hier_noisy,42,uniform,0.1,fish,1,500,69.999999,75.599998
feature_clip_hier_uniform_nf0.1_s42,clip_hier_noisy,42,uniform,0.1,flowers,2,500,79.000002,89.399999
feature_clip_hier_uniform_nf0.1_s42,clip_hier_noisy,42,uniform,0.1,food_containers,3,500,75.000000,87.400001
feature_clip_hier_uniform_nf0.1_s42,clip_hier_noisy,42,uniform,0.1,fruit_and_vegetables,4,500,83.800000,85.000002
feature_clip_hier_uniform_nf0.1_s42,clip_hier_noisy,42,uniform,0.1,household_electrical_devices,5,500,83.399999,80.000001
feature_clip_hier_uniform_nf0.1_s42,clip_hier_noisy,42,uniform,0.1,household_furniture,6,500,77.600002,89.399999
feature_clip_hier_uniform_nf0.1_s42,clip_hier_noisy,42,uniform,0.1,insects,7,500,76.999998,86.000001
feature_clip_hier_uniform_nf0.1_s42,clip_hier_noisy,42,uniform,0.1,large_carnivores,8,500,66.200000,74.199998
feature_clip_hier_uniform_nf0.1_s42,clip_hier_noisy,42,uniform,0.1,large_man_made_outdoor_things,9,500,87.800002,91.600001
feature_clip_hier_uniform_nf0.1_s42,clip_hier_noisy,42,uniform,0.1,large_natural_outdoor_scenes,10,500,81.199998,86.799997
feature_clip_hier_uniform_nf0.1_s42,clip_hier_noisy,42,uniform,0.1,large_omnivores_and_herbivores,11,500,71.600002,76.800001
feature_clip_hier_uniform_nf0.1_s42,clip_hier_noisy,42,uniform,0.1,medium_mammals,12,500,66.399997,55.599999
feature_clip_hier_uniform_nf0.1_s42,clip_hier_noisy,42,uniform,0.1,non_insect_invertebrates,13,500,68.199998,64.999998
feature_clip_hier_uniform_nf0.1_s42,clip_hier_noisy,42,uniform,0.1,people,14,500,75.800002,95.599997
feature_clip_hier_uniform_nf0.1_s42,clip_hier_noisy,42,uniform,0.1,reptiles,15,500,55.800003,51.200002
feature_clip_hier_uniform_nf0.1_s42,clip_hier_noisy,42,uniform,0.1,small_mammals,16,500,53.600001,63.999999
feature_clip_hier_uniform_nf0.1_s42,clip_hier_noisy,42,uniform,0.1,trees,17,500,65.799999,88.999999
feature_clip_hier_uniform_nf0.1_s42,clip_hier_noisy,42,uniform,0.1,vehicles_1,18,500,86.799997,89.200002
feature_clip_hier_uniform_nf0.1_s42,clip_hier_noisy,42,uniform,0.1,vehicles_2,19,500,82.800001,76.800001
feature_clip_hier_uniform_nf0.2_s42,clip_hier_noisy,42,uniform,0.2,aquatic_mammals,0,500,49.000001,68.599999
feature_clip_hier_uniform_nf0.2_s42,clip_hier_noisy,42,uniform,0.2,fish,1,500,68.199998,71.600002
feature_clip_hier_uniform_nf0.2_s42,clip_hier_noisy,42,uniform,0.2,flowers,2,500,78.600001,90.200001
feature_clip_hier_uniform_nf0.2_s42,clip_hier_noisy,42,uniform,0.2,food_containers,3,500,76.200002,90.200001
feature_clip_hier_uniform_nf0.2_s42,clip_hier_noisy,42,uniform,0.2,fruit_and_vegetables,4,500,81.800002,83.800000
feature_clip_hier_uniform_nf0.2_s42,clip_hier_noisy,42,uniform,0.2,household_electrical_devices,5,500,82.999998,80.599999
feature_clip_hier_uniform_nf0.2_s42,clip_hier_noisy,42,uniform,0.2,household_furniture,6,500,76.400000,86.600000
feature_clip_hier_uniform_nf0.2_s42,clip_hier_noisy,42,uniform,0.2,insects,7,500,76.599997,84.399998
feature_clip_hier_uniform_nf0.2_s42,clip_hier_noisy,42,uniform,0.2,large_carnivores,8,500,67.600000,72.600001
feature_clip_hier_uniform_nf0.2_s42,clip_hier_noisy,42,uniform,0.2,large_man_made_outdoor_things,9,500,87.800002,90.399998
feature_clip_hier_uniform_nf0.2_s42,clip_hier_noisy,42,uniform,0.2,large_natural_outdoor_scenes,10,500,80.000001,85.399997
feature_clip_hier_uniform_nf0.2_s42,clip_hier_noisy,42,uniform,0.2,large_omnivores_and_herbivores,11,500,72.799999,76.400000
feature_clip_hier_uniform_nf0.2_s42,clip_hier_noisy,42,uniform,0.2,medium_mammals,12,500,66.399997,58.999997
feature_clip_hier_uniform_nf0.2_s42,clip_hier_noisy,42,uniform,0.2,non_insect_invertebrates,13,500,68.400002,64.200002
feature_clip_hier_uniform_nf0.2_s42,clip_hier_noisy,42,uniform,0.2,people,14,500,74.800003,94.999999
feature_clip_hier_uniform_nf0.2_s42,clip_hier_noisy,42,uniform,0.2,reptiles,15,500,53.399998,51.800001
feature_clip_hier_uniform_nf0.2_s42,clip_hier_noisy,42,uniform,0.2,small_mammals,16,500,50.999999,60.399997
feature_clip_hier_uniform_nf0.2_s42,clip_hier_noisy,42,uniform,0.2,trees,17,500,67.000002,91.399997
feature_clip_hier_uniform_nf0.2_s42,clip_hier_noisy,42,uniform,0.2,vehicles_1,18,500,85.000002,86.799997
feature_clip_hier_uniform_nf0.2_s42,clip_hier_noisy,42,uniform,0.2,vehicles_2,19,500,84.399998,81.999999
feature_clip_hier_uniform_nf0.3_s42,clip_hier_noisy,42,uniform,0.3,aquatic_mammals,0,500,48.400000,65.399998
feature_clip_hier_uniform_nf0.3_s42,clip_hier_noisy,42,uniform,0.3,fish,1,500,69.199997,74.599999
feature_clip_hier_uniform_nf0.3_s42,clip_hier_noisy,42,uniform,0.3,flowers,2,500,77.200001,87.000000
feature_clip_hier_uniform_nf0.3_s42,clip_hier_noisy,42,uniform,0.3,food_containers,3,500,76.200002,87.599999
feature_clip_hier_uniform_nf0.3_s42,clip_hier_noisy,42,uniform,0.3,fruit_and_vegetables,4,500,83.800000,88.599998
feature_clip_hier_uniform_nf0.3_s42,clip_hier_noisy,42,uniform,0.3,household_electrical_devices,5,500,82.599998,77.800000
feature_clip_hier_uniform_nf0.3_s42,clip_hier_noisy,42,uniform,0.3,household_furniture,6,500,77.999997,86.799997
feature_clip_hier_uniform_nf0.3_s42,clip_hier_noisy,42,uniform,0.3,insects,7,500,78.200001,85.799998
feature_clip_hier_uniform_nf0.3_s42,clip_hier_noisy,42,uniform,0.3,large_carnivores,8,500,64.800000,70.599997
feature_clip_hier_uniform_nf0.3_s42,clip_hier_noisy,42,uniform,0.3,large_man_made_outdoor_things,9,500,88.400000,89.399999
feature_clip_hier_uniform_nf0.3_s42,clip_hier_noisy,42,uniform,0.3,large_natural_outdoor_scenes,10,500,79.600000,85.799998
feature_clip_hier_uniform_nf0.3_s42,clip_hier_noisy,42,uniform,0.3,large_omnivores_and_herbivores,11,500,72.399998,75.800002
feature_clip_hier_uniform_nf0.3_s42,clip_hier_noisy,42,uniform,0.3,medium_mammals,12,500,68.199998,60.799998
feature_clip_hier_uniform_nf0.3_s42,clip_hier_noisy,42,uniform,0.3,non_insect_invertebrates,13,500,67.000002,56.999999
feature_clip_hier_uniform_nf0.3_s42,clip_hier_noisy,42,uniform,0.3,people,14,500,76.200002,95.599997
feature_clip_hier_uniform_nf0.3_s42,clip_hier_noisy,42,uniform,0.3,reptiles,15,500,56.999999,53.600001
feature_clip_hier_uniform_nf0.3_s42,clip_hier_noisy,42,uniform,0.3,small_mammals,16,500,50.199997,55.400002
feature_clip_hier_uniform_nf0.3_s42,clip_hier_noisy,42,uniform,0.3,trees,17,500,65.799999,94.000000
feature_clip_hier_uniform_nf0.3_s42,clip_hier_noisy,42,uniform,0.3,vehicles_1,18,500,85.600001,88.599998
feature_clip_hier_uniform_nf0.3_s42,clip_hier_noisy,42,uniform,0.3,vehicles_2,19,500,81.199998,77.200001
feature_clip_hier_uniform_nf0.5_s42,clip_hier_noisy,42,uniform,0.5,aquatic_mammals,0,500,50.000000,70.200002
feature_clip_hier_uniform_nf0.5_s42,clip_hier_noisy,42,uniform,0.5,fish,1,500,67.199999,69.000000
feature_clip_hier_uniform_nf0.5_s42,clip_hier_noisy,42,uniform,0.5,flowers,2,500,79.000002,91.799998
feature_clip_hier_uniform_nf0.5_s42,clip_hier_noisy,42,uniform,0.5,food_containers,3,500,75.599998,89.200002
feature_clip_hier_uniform_nf0.5_s42,clip_hier_noisy,42,uniform,0.5,fruit_and_vegetables,4,500,83.399999,84.399998
feature_clip_hier_uniform_nf0.5_s42,clip_hier_noisy,42,uniform,0.5,household_electrical_devices,5,500,82.800001,79.600000
feature_clip_hier_uniform_nf0.5_s42,clip_hier_noisy,42,uniform,0.5,household_furniture,6,500,76.800001,83.399999
feature_clip_hier_uniform_nf0.5_s42,clip_hier_noisy,42,uniform,0.5,insects,7,500,75.599998,81.000000
feature_clip_hier_uniform_nf0.5_s42,clip_hier_noisy,42,uniform,0.5,large_carnivores,8,500,68.599999,75.000000
feature_clip_hier_uniform_nf0.5_s42,clip_hier_noisy,42,uniform,0.5,large_man_made_outdoor_things,9,500,87.599999,89.200002
feature_clip_hier_uniform_nf0.5_s42,clip_hier_noisy,42,uniform,0.5,large_natural_outdoor_scenes,10,500,79.200000,84.399998
feature_clip_hier_uniform_nf0.5_s42,clip_hier_noisy,42,uniform,0.5,large_omnivores_and_herbivores,11,500,73.199999,76.400000
feature_clip_hier_uniform_nf0.5_s42,clip_hier_noisy,42,uniform,0.5,medium_mammals,12,500,63.400000,49.800000
feature_clip_hier_uniform_nf0.5_s42,clip_hier_noisy,42,uniform,0.5,non_insect_invertebrates,13,500,66.799998,54.200000
feature_clip_hier_uniform_nf0.5_s42,clip_hier_noisy,42,uniform,0.5,people,14,500,74.400002,94.999999
feature_clip_hier_uniform_nf0.5_s42,clip_hier_noisy,42,uniform,0.5,reptiles,15,500,54.400003,52.600002
feature_clip_hier_uniform_nf0.5_s42,clip_hier_noisy,42,uniform,0.5,small_mammals,16,500,50.800002,60.000002
feature_clip_hier_uniform_nf0.5_s42,clip_hier_noisy,42,uniform,0.5,trees,17,500,66.000003,92.199999
feature_clip_hier_uniform_nf0.5_s42,clip_hier_noisy,42,uniform,0.5,vehicles_1,18,500,84.799999,88.000000
feature_clip_hier_uniform_nf0.5_s42,clip_hier_noisy,42,uniform,0.5,vehicles_2,19,500,81.999999,74.199998
feature_clip_hier_uniform_nf0.7_s42,clip_hier_noisy,42,uniform,0.7,aquatic_mammals,0,500,48.800001,59.200001
feature_clip_hier_uniform_nf0.7_s42,clip_hier_noisy,42,uniform,0.7,fish,1,500,67.400002,70.999998
feature_clip_hier_uniform_nf0.7_s42,clip_hier_noisy,42,uniform,0.7,flowers,2,500,78.399998,89.600003
feature_clip_hier_uniform_nf0.7_s42,clip_hier_noisy,42,uniform,0.7,food_containers,3,500,77.200001,85.799998
feature_clip_hier_uniform_nf0.7_s42,clip_hier_noisy,42,uniform,0.7,fruit_and_vegetables,4,500,82.599998,80.400002
feature_clip_hier_uniform_nf0.7_s42,clip_hier_noisy,42,uniform,0.7,household_electrical_devices,5,500,81.800002,76.400000
feature_clip_hier_uniform_nf0.7_s42,clip_hier_noisy,42,uniform,0.7,household_furniture,6,500,77.800000,81.400001
feature_clip_hier_uniform_nf0.7_s42,clip_hier_noisy,42,uniform,0.7,insects,7,500,75.199997,76.800001
feature_clip_hier_uniform_nf0.7_s42,clip_hier_noisy,42,uniform,0.7,large_carnivores,8,500,66.600001,68.199998
feature_clip_hier_uniform_nf0.7_s42,clip_hier_noisy,42,uniform,0.7,large_man_made_outdoor_things,9,500,86.199999,83.800000
feature_clip_hier_uniform_nf0.7_s42,clip_hier_noisy,42,uniform,0.7,large_natural_outdoor_scenes,10,500,79.400003,85.200000
feature_clip_hier_uniform_nf0.7_s42,clip_hier_noisy,42,uniform,0.7,large_omnivores_and_herbivores,11,500,72.399998,70.599997
feature_clip_hier_uniform_nf0.7_s42,clip_hier_noisy,42,uniform,0.7,medium_mammals,12,500,66.000003,69.800001
feature_clip_hier_uniform_nf0.7_s42,clip_hier_noisy,42,uniform,0.7,non_insect_invertebrates,13,500,67.600000,60.399997
feature_clip_hier_uniform_nf0.7_s42,clip_hier_noisy,42,uniform,0.7,people,14,500,75.000000,94.400001
feature_clip_hier_uniform_nf0.7_s42,clip_hier_noisy,42,uniform,0.7,reptiles,15,500,54.799998,41.800001
feature_clip_hier_uniform_nf0.7_s42,clip_hier_noisy,42,uniform,0.7,small_mammals,16,500,50.400001,46.599999
feature_clip_hier_uniform_nf0.7_s42,clip_hier_noisy,42,uniform,0.7,trees,17,500,64.999998,89.399999
feature_clip_hier_uniform_nf0.7_s42,clip_hier_noisy,42,uniform,0.7,vehicles_1,18,500,85.399997,87.599999
feature_clip_hier_uniform_nf0.7_s42,clip_hier_noisy,42,uniform,0.7,vehicles_2,19,500,82.599998,75.800002
feature_clip_hier_uniform_nf1.0_s42,clip_hier_noisy,42,uniform,1.0,aquatic_mammals,0,500,44.999999,0.000000
feature_clip_hier_uniform_nf1.0_s42,clip_hier_noisy,42,uniform,1.0,fish,1,500,70.400000,0.800000
feature_clip_hier_uniform_nf1.0_s42,clip_hier_noisy,42,uniform,1.0,flowers,2,500,76.800001,0.000000
feature_clip_hier_uniform_nf1.0_s42,clip_hier_noisy,42,uniform,1.0,food_containers,3,500,76.800001,0.000000
feature_clip_hier_uniform_nf1.0_s42,clip_hier_noisy,42,uniform,1.0,fruit_and_vegetables,4,500,79.799998,1.800000
feature_clip_hier_uniform_nf1.0_s42,clip_hier_noisy,42,uniform,1.0,household_electrical_devices,5,500,80.000001,0.000000
feature_clip_hier_uniform_nf1.0_s42,clip_hier_noisy,42,uniform,1.0,household_furniture,6,500,77.800000,0.600000
feature_clip_hier_uniform_nf1.0_s42,clip_hier_noisy,42,uniform,1.0,insects,7,500,75.199997,0.400000
feature_clip_hier_uniform_nf1.0_s42,clip_hier_noisy,42,uniform,1.0,large_carnivores,8,500,62.199998,0.600000
feature_clip_hier_uniform_nf1.0_s42,clip_hier_noisy,42,uniform,1.0,large_man_made_outdoor_things,9,500,87.000000,0.000000
feature_clip_hier_uniform_nf1.0_s42,clip_hier_noisy,42,uniform,1.0,large_natural_outdoor_scenes,10,500,81.000000,0.000000
feature_clip_hier_uniform_nf1.0_s42,clip_hier_noisy,42,uniform,1.0,large_omnivores_and_herbivores,11,500,72.200000,0.000000
feature_clip_hier_uniform_nf1.0_s42,clip_hier_noisy,42,uniform,1.0,medium_mammals,12,500,64.200002,1.200000
feature_clip_hier_uniform_nf1.0_s42,clip_hier_noisy,42,uniform,1.0,non_insect_invertebrates,13,500,65.600002,0.200000
feature_clip_hier_uniform_nf1.0_s42,clip_hier_noisy,42,uniform,1.0,people,14,500,74.199998,0.200000
feature_clip_hier_uniform_nf1.0_s42,clip_hier_noisy,42,uniform,1.0,reptiles,15,500,51.400000,0.000000
feature_clip_hier_uniform_nf1.0_s42,clip_hier_noisy,42,uniform,1.0,small_mammals,16,500,48.800001,0.400000
feature_clip_hier_uniform_nf1.0_s42,clip_hier_noisy,42,uniform,1.0,trees,17,500,65.399998,0.200000
feature_clip_hier_uniform_nf1.0_s42,clip_hier_noisy,42,uniform,1.0,vehicles_1,18,500,84.600002,0.000000
feature_clip_hier_uniform_nf1.0_s42,clip_hier_noisy,42,uniform,1.0,vehicles_2,19,500,81.000000,0.000000
feature_clip_hier_in_domain_nf0.05_s42,clip_hier_noisy,42,in_domain,0.05,aquatic_mammals,0,500,50.199997,68.400002
feature_clip_hier_in_domain_nf0.05_s42,clip_hier_noisy,42,in_domain,0.05,fish,1,500,66.799998,73.400003
feature_clip_hier_in_domain_nf0.05_s42,clip_hier_noisy,42,in_domain,0.05,flowers,2,500,78.399998,89.399999
feature_clip_hier_in_domain_nf0.05_s42,clip_hier_noisy,42,in_domain,0.05,food_containers,3,500,75.000000,86.199999
feature_clip_hier_in_domain_nf0.05_s42,clip_hier_noisy,42,in_domain,0.05,fruit_and_vegetables,4,500,82.400000,86.600000
feature_clip_hier_in_domain_nf0.05_s42,clip_hier_noisy,42,in_domain,0.05,household_electrical_devices,5,500,84.200001,81.400001
feature_clip_hier_in_domain_nf0.05_s42,clip_hier_noisy,42,in_domain,0.05,household_furniture,6,500,77.800000,88.400000
feature_clip_hier_in_domain_nf0.05_s42,clip_hier_noisy,42,in_domain,0.05,insects,7,500,78.600001,87.199998
feature_clip_hier_in_domain_nf0.05_s42,clip_hier_noisy,42,in_domain,0.05,large_carnivores,8,500,65.200001,67.799997
feature_clip_hier_in_domain_nf0.05_s42,clip_hier_noisy,42,in_domain,0.05,large_man_made_outdoor_things,9,500,89.800000,89.999998
feature_clip_hier_in_domain_nf0.05_s42,clip_hier_noisy,42,in_domain,0.05,large_natural_outdoor_scenes,10,500,81.000000,88.400000
feature_clip_hier_in_domain_nf0.05_s42,clip_hier_noisy,42,in_domain,0.05,large_omnivores_and_herbivores,11,500,73.000002,79.000002
feature_clip_hier_in_domain_nf0.05_s42,clip_hier_noisy,42,in_domain,0.05,medium_mammals,12,500,67.000002,64.800000
feature_clip_hier_in_domain_nf0.05_s42,clip_hier_noisy,42,in_domain,0.05,non_insect_invertebrates,13,500,65.799999,64.800000
feature_clip_hier_in_domain_nf0.05_s42,clip_hier_noisy,42,in_domain,0.05,people,14,500,75.800002,95.200002
feature_clip_hier_in_domain_nf0.05_s42,clip_hier_noisy,42,in_domain,0.05,reptiles,15,500,54.000002,48.199999
feature_clip_hier_in_domain_nf0.05_s42,clip_hier_noisy,42,in_domain,0.05,small_mammals,16,500,53.200001,62.199998
feature_clip_hier_in_domain_nf0.05_s42,clip_hier_noisy,42,in_domain,0.05,trees,17,500,67.600000,92.000002
feature_clip_hier_in_domain_nf0.05_s42,clip_hier_noisy,42,in_domain,0.05,vehicles_1,18,500,84.399998,87.800002
feature_clip_hier_in_domain_nf0.05_s42,clip_hier_noisy,42,in_domain,0.05,vehicles_2,19,500,82.999998,78.200001
feature_clip_hier_in_domain_nf0.1_s42,clip_hier_noisy,42,in_domain,0.1,aquatic_mammals,0,500,50.400001,68.800002
feature_clip_hier_in_domain_nf0.1_s42,clip_hier_noisy,42,in_domain,0.1,fish,1,500,67.799997,69.199997
feature_clip_hier_in_domain_nf0.1_s42,clip_hier_noisy,42,in_domain,0.1,flowers,2,500,78.200001,90.399998
feature_clip_hier_in_domain_nf0.1_s42,clip_hier_noisy,42,in_domain,0.1,food_containers,3,500,74.800003,85.399997
feature_clip_hier_in_domain_nf0.1_s42,clip_hier_noisy,42,in_domain,0.1,fruit_and_vegetables,4,500,82.599998,86.000001
feature_clip_hier_in_domain_nf0.1_s42,clip_hier_noisy,42,in_domain,0.1,household_electrical_devices,5,500,83.200002,79.600000
feature_clip_hier_in_domain_nf0.1_s42,clip_hier_noisy,42,in_domain,0.1,household_furniture,6,500,77.600002,87.199998
feature_clip_hier_in_domain_nf0.1_s42,clip_hier_noisy,42,in_domain,0.1,insects,7,500,76.999998,84.600002
feature_clip_hier_in_domain_nf0.1_s42,clip_hier_noisy,42,in_domain,0.1,large_carnivores,8,500,66.399997,68.800002
feature_clip_hier_in_domain_nf0.1_s42,clip_hier_noisy,42,in_domain,0.1,large_man_made_outdoor_things,9,500,88.999999,91.399997
feature_clip_hier_in_domain_nf0.1_s42,clip_hier_noisy,42,in_domain,0.1,large_natural_outdoor_scenes,10,500,78.399998,88.200003
feature_clip_hier_in_domain_nf0.1_s42,clip_hier_noisy,42,in_domain,0.1,large_omnivores_and_herbivores,11,500,74.000001,81.199998
feature_clip_hier_in_domain_nf0.1_s42,clip_hier_noisy,42,in_domain,0.1,medium_mammals,12,500,67.799997,62.599999
feature_clip_hier_in_domain_nf0.1_s42,clip_hier_noisy,42,in_domain,0.1,non_insect_invertebrates,13,500,68.400002,67.400002
feature_clip_hier_in_domain_nf0.1_s42,clip_hier_noisy,42,in_domain,0.1,people,14,500,73.600000,93.400002
feature_clip_hier_in_domain_nf0.1_s42,clip_hier_noisy,42,in_domain,0.1,reptiles,15,500,56.800002,55.199999
feature_clip_hier_in_domain_nf0.1_s42,clip_hier_noisy,42,in_domain,0.1,small_mammals,16,500,50.199997,57.200003
feature_clip_hier_in_domain_nf0.1_s42,clip_hier_noisy,42,in_domain,0.1,trees,17,500,65.799999,90.799999
feature_clip_hier_in_domain_nf0.1_s42,clip_hier_noisy,42,in_domain,0.1,vehicles_1,18,500,82.400000,88.999999
feature_clip_hier_in_domain_nf0.1_s42,clip_hier_noisy,42,in_domain,0.1,vehicles_2,19,500,82.999998,74.599999
feature_clip_hier_in_domain_nf0.2_s42,clip_hier_noisy,42,in_domain,0.2,aquatic_mammals,0,500,49.800000,67.600000
feature_clip_hier_in_domain_nf0.2_s42,clip_hier_noisy,42,in_domain,0.2,fish,1,500,66.799998,66.799998
feature_clip_hier_in_domain_nf0.2_s42,clip_hier_noisy,42,in_domain,0.2,flowers,2,500,78.200001,89.999998
feature_clip_hier_in_domain_nf0.2_s42,clip_hier_noisy,42,in_domain,0.2,food_containers,3,500,73.400003,83.200002
feature_clip_hier_in_domain_nf0.2_s42,clip_hier_noisy,42,in_domain,0.2,fruit_and_vegetables,4,500,81.800002,87.199998
feature_clip_hier_in_domain_nf0.2_s42,clip_hier_noisy,42,in_domain,0.2,household_electrical_devices,5,500,80.199999,77.600002
feature_clip_hier_in_domain_nf0.2_s42,clip_hier_noisy,42,in_domain,0.2,household_furniture,6,500,75.800002,88.000000
feature_clip_hier_in_domain_nf0.2_s42,clip_hier_noisy,42,in_domain,0.2,insects,7,500,76.800001,82.999998
feature_clip_hier_in_domain_nf0.2_s42,clip_hier_noisy,42,in_domain,0.2,large_carnivores,8,500,66.600001,71.200001
feature_clip_hier_in_domain_nf0.2_s42,clip_hier_noisy,42,in_domain,0.2,large_man_made_outdoor_things,9,500,88.000000,90.799999
feature_clip_hier_in_domain_nf0.2_s42,clip_hier_noisy,42,in_domain,0.2,large_natural_outdoor_scenes,10,500,79.600000,85.799998
feature_clip_hier_in_domain_nf0.2_s42,clip_hier_noisy,42,in_domain,0.2,large_omnivores_and_herbivores,11,500,73.000002,78.799999
feature_clip_hier_in_domain_nf0.2_s42,clip_hier_noisy,42,in_domain,0.2,medium_mammals,12,500,68.800002,64.999998
feature_clip_hier_in_domain_nf0.2_s42,clip_hier_noisy,42,in_domain,0.2,non_insect_invertebrates,13,500,68.000001,67.199999
feature_clip_hier_in_domain_nf0.2_s42,clip_hier_noisy,42,in_domain,0.2,people,14,500,73.600000,94.599998
feature_clip_hier_in_domain_nf0.2_s42,clip_hier_noisy,42,in_domain,0.2,reptiles,15,500,56.400001,55.199999
feature_clip_hier_in_domain_nf0.2_s42,clip_hier_noisy,42,in_domain,0.2,small_mammals,16,500,49.399999,53.200001
feature_clip_hier_in_domain_nf0.2_s42,clip_hier_noisy,42,in_domain,0.2,trees,17,500,66.600001,91.200000
feature_clip_hier_in_domain_nf0.2_s42,clip_hier_noisy,42,in_domain,0.2,vehicles_1,18,500,83.399999,91.000003
feature_clip_hier_in_domain_nf0.2_s42,clip_hier_noisy,42,in_domain,0.2,vehicles_2,19,500,80.000001,67.400002
feature_clip_hier_in_domain_nf0.3_s42,clip_hier_noisy,42,in_domain,0.3,aquatic_mammals,0,500,50.000000,71.200001
feature_clip_hier_in_domain_nf0.3_s42,clip_hier_noisy,42,in_domain,0.3,fish,1,500,67.600000,68.400002
feature_clip_hier_in_domain_nf0.3_s42,clip_hier_noisy,42,in_domain,0.3,flowers,2,500,79.600000,90.600002
feature_clip_hier_in_domain_nf0.3_s42,clip_hier_noisy,42,in_domain,0.3,food_containers,3,500,75.400001,83.600003
feature_clip_hier_in_domain_nf0.3_s42,clip_hier_noisy,42,in_domain,0.3,fruit_and_vegetables,4,500,81.599998,85.000002
feature_clip_hier_in_domain_nf0.3_s42,clip_hier_noisy,42,in_domain,0.3,household_electrical_devices,5,500,81.000000,75.599998
feature_clip_hier_in_domain_nf0.3_s42,clip_hier_noisy,42,in_domain,0.3,household_furniture,6,500,76.400000,87.000000
feature_clip_hier_in_domain_nf0.3_s42,clip_hier_noisy,42,in_domain,0.3,insects,7,500,75.000000,85.000002
feature_clip_hier_in_domain_nf0.3_s42,clip_hier_noisy,42,in_domain,0.3,large_carnivores,8,500,64.600003,67.000002
feature_clip_hier_in_domain_nf0.3_s42,clip_hier_noisy,42,in_domain,0.3,large_man_made_outdoor_things,9,500,87.599999,91.799998
feature_clip_hier_in_domain_nf0.3_s42,clip_hier_noisy,42,in_domain,0.3,large_natural_outdoor_scenes,10,500,79.200000,80.000001
feature_clip_hier_in_domain_nf0.3_s42,clip_hier_noisy,42,in_domain,0.3,large_omnivores_and_herbivores,11,500,73.799998,81.199998
feature_clip_hier_in_domain_nf0.3_s42,clip_hier_noisy,42,in_domain,0.3,medium_mammals,12,500,68.800002,57.999998
feature_clip_hier_in_domain_nf0.3_s42,clip_hier_noisy,42,in_domain,0.3,non_insect_invertebrates,13,500,66.200000,61.199999
feature_clip_hier_in_domain_nf0.3_s42,clip_hier_noisy,42,in_domain,0.3,people,14,500,72.799999,93.400002
feature_clip_hier_in_domain_nf0.3_s42,clip_hier_noisy,42,in_domain,0.3,reptiles,15,500,56.400001,51.800001
feature_clip_hier_in_domain_nf0.3_s42,clip_hier_noisy,42,in_domain,0.3,small_mammals,16,500,50.000000,57.400000
feature_clip_hier_in_domain_nf0.3_s42,clip_hier_noisy,42,in_domain,0.3,trees,17,500,67.199999,91.200000
feature_clip_hier_in_domain_nf0.3_s42,clip_hier_noisy,42,in_domain,0.3,vehicles_1,18,500,81.599998,87.400001
feature_clip_hier_in_domain_nf0.3_s42,clip_hier_noisy,42,in_domain,0.3,vehicles_2,19,500,80.199999,69.999999
feature_clip_hier_in_domain_nf0.5_s42,clip_hier_noisy,42,in_domain,0.5,aquatic_mammals,0,500,48.400000,62.599999
feature_clip_hier_in_domain_nf0.5_s42,clip_hier_noisy,42,in_domain,0.5,fish,1,500,70.200002,79.000002
feature_clip_hier_in_domain_nf0.5_s42,clip_hier_noisy,42,in_domain,0.5,flowers,2,500,76.999998,91.000003
feature_clip_hier_in_domain_nf0.5_s42,clip_hier_noisy,42,in_domain,0.5,food_containers,3,500,75.000000,86.799997
feature_clip_hier_in_domain_nf0.5_s42,clip_hier_noisy,42,in_domain,0.5,fruit_and_vegetables,4,500,80.000001,80.599999
feature_clip_hier_in_domain_nf0.5_s42,clip_hier_noisy,42,in_domain,0.5,household_electrical_devices,5,500,75.400001,65.600002
feature_clip_hier_in_domain_nf0.5_s42,clip_hier_noisy,42,in_domain,0.5,household_furniture,6,500,73.000002,73.199999
feature_clip_hier_in_domain_nf0.5_s42,clip_hier_noisy,42,in_domain,0.5,insects,7,500,73.600000,77.800000
feature_clip_hier_in_domain_nf0.5_s42,clip_hier_noisy,42,in_domain,0.5,large_carnivores,8,500,63.200003,64.399999
feature_clip_hier_in_domain_nf0.5_s42,clip_hier_noisy,42,in_domain,0.5,large_man_made_outdoor_things,9,500,86.400002,69.999999
feature_clip_hier_in_domain_nf0.5_s42,clip_hier_noisy,42,in_domain,0.5,large_natural_outdoor_scenes,10,500,76.800001,14.000000
feature_clip_hier_in_domain_nf0.5_s42,clip_hier_noisy,42,in_domain,0.5,large_omnivores_and_herbivores,11,500,72.200000,76.800001
feature_clip_hier_in_domain_nf0.5_s42,clip_hier_noisy,42,in_domain,0.5,medium_mammals,12,500,65.399998,58.999997
feature_clip_hier_in_domain_nf0.5_s42,clip_hier_noisy,42,in_domain,0.5,non_insect_invertebrates,13,500,64.999998,60.200000
feature_clip_hier_in_domain_nf0.5_s42,clip_hier_noisy,42,in_domain,0.5,people,14,500,72.799999,90.600002
feature_clip_hier_in_domain_nf0.5_s42,clip_hier_noisy,42,in_domain,0.5,reptiles,15,500,58.800000,55.599999
feature_clip_hier_in_domain_nf0.5_s42,clip_hier_noisy,42,in_domain,0.5,small_mammals,16,500,50.800002,52.999997
feature_clip_hier_in_domain_nf0.5_s42,clip_hier_noisy,42,in_domain,0.5,trees,17,500,64.600003,83.600003
feature_clip_hier_in_domain_nf0.5_s42,clip_hier_noisy,42,in_domain,0.5,vehicles_1,18,500,75.199997,38.000000
feature_clip_hier_in_domain_nf0.5_s42,clip_hier_noisy,42,in_domain,0.5,vehicles_2,19,500,82.599998,43.000001
feature_clip_hier_in_domain_nf0.7_s42,clip_hier_noisy,42,in_domain,0.7,aquatic_mammals,0,500,48.800001,74.000001
feature_clip_hier_in_domain_nf0.7_s42,clip_hier_noisy,42,in_domain,0.7,fish,1,500,69.000000,66.399997
feature_clip_hier_in_domain_nf0.7_s42,clip_hier_noisy,42,in_domain,0.7,flowers,2,500,72.399998,16.400000
feature_clip_hier_in_domain_nf0.7_s42,clip_hier_noisy,42,in_domain,0.7,food_containers,3,500,71.799999,24.800000
feature_clip_hier_in_domain_nf0.7_s42,clip_hier_noisy,42,in_domain,0.7,fruit_and_vegetables,4,500,78.200001,4.800000
feature_clip_hier_in_domain_nf0.7_s42,clip_hier_noisy,42,in_domain,0.7,household_electrical_devices,5,500,76.400000,11.200000
feature_clip_hier_in_domain_nf0.7_s42,clip_hier_noisy,42,in_domain,0.7,household_furniture,6,500,74.199998,9.800000
feature_clip_hier_in_domain_nf0.7_s42,clip_hier_noisy,42,in_domain,0.7,insects,7,500,74.000001,73.400003
feature_clip_hier_in_domain_nf0.7_s42,clip_hier_noisy,42,in_domain,0.7,large_carnivores,8,500,59.600002,53.799999
feature_clip_hier_in_domain_nf0.7_s42,clip_hier_noisy,42,in_domain,0.7,large_man_made_outdoor_things,9,500,84.799999,6.000000
feature_clip_hier_in_domain_nf0.7_s42,clip_hier_noisy,42,in_domain,0.7,large_natural_outdoor_scenes,10,500,71.399999,3.000000
feature_clip_hier_in_domain_nf0.7_s42,clip_hier_noisy,42,in_domain,0.7,large_omnivores_and_herbivores,11,500,73.600000,78.399998
feature_clip_hier_in_domain_nf0.7_s42,clip_hier_noisy,42,in_domain,0.7,medium_mammals,12,500,61.799997,44.800001
feature_clip_hier_in_domain_nf0.7_s42,clip_hier_noisy,42,in_domain,0.7,non_insect_invertebrates,13,500,62.599999,31.000000
feature_clip_hier_in_domain_nf0.7_s42,clip_hier_noisy,42,in_domain,0.7,people,14,500,73.400003,86.400002
feature_clip_hier_in_domain_nf0.7_s42,clip_hier_noisy,42,in_domain,0.7,reptiles,15,500,53.200001,37.200001
feature_clip_hier_in_domain_nf0.7_s42,clip_hier_noisy,42,in_domain,0.7,small_mammals,16,500,50.800002,66.399997
feature_clip_hier_in_domain_nf0.7_s42,clip_hier_noisy,42,in_domain,0.7,trees,17,500,63.599998,2.800000
feature_clip_hier_in_domain_nf0.7_s42,clip_hier_noisy,42,in_domain,0.7,vehicles_1,18,500,75.999999,13.800000
feature_clip_hier_in_domain_nf0.7_s42,clip_hier_noisy,42,in_domain,0.7,vehicles_2,19,500,73.400003,7.200000
feature_clip_hier_in_domain_nf1.0_s42,clip_hier_noisy,42,in_domain,1.0,aquatic_mammals,0,500,47.600001,3.000000
feature_clip_hier_in_domain_nf1.0_s42,clip_hier_noisy,42,in_domain,1.0,fish,1,500,65.799999,0.000000
feature_clip_hier_in_domain_nf1.0_s42,clip_hier_noisy,42,in_domain,1.0,flowers,2,500,70.800000,1.400000
feature_clip_hier_in_domain_nf1.0_s42,clip_hier_noisy,42,in_domain,1.0,food_containers,3,500,64.999998,0.400000
feature_clip_hier_in_domain_nf1.0_s42,clip_hier_noisy,42,in_domain,1.0,fruit_and_vegetables,4,500,72.399998,0.400000
feature_clip_hier_in_domain_nf1.0_s42,clip_hier_noisy,42,in_domain,1.0,household_electrical_devices,5,500,74.599999,1.600000
feature_clip_hier_in_domain_nf1.0_s42,clip_hier_noisy,42,in_domain,1.0,household_furniture,6,500,68.400002,2.800000
feature_clip_hier_in_domain_nf1.0_s42,clip_hier_noisy,42,in_domain,1.0,insects,7,500,71.200001,0.000000
feature_clip_hier_in_domain_nf1.0_s42,clip_hier_noisy,42,in_domain,1.0,large_carnivores,8,500,61.199999,1.200000
feature_clip_hier_in_domain_nf1.0_s42,clip_hier_noisy,42,in_domain,1.0,large_man_made_outdoor_things,9,500,76.200002,3.200000
feature_clip_hier_in_domain_nf1.0_s42,clip_hier_noisy,42,in_domain,1.0,large_natural_outdoor_scenes,10,500,56.999999,1.400000
feature_clip_hier_in_domain_nf1.0_s42,clip_hier_noisy,42,in_domain,1.0,large_omnivores_and_herbivores,11,500,70.599997,0.800000
feature_clip_hier_in_domain_nf1.0_s42,clip_hier_noisy,42,in_domain,1.0,medium_mammals,12,500,62.800002,4.800000
feature_clip_hier_in_domain_nf1.0_s42,clip_hier_noisy,42,in_domain,1.0,non_insect_invertebrates,13,500,61.400002,1.600000
feature_clip_hier_in_domain_nf1.0_s42,clip_hier_noisy,42,in_domain,1.0,people,14,500,72.399998,0.000000
feature_clip_hier_in_domain_nf1.0_s42,clip_hier_noisy,42,in_domain,1.0,reptiles,15,500,51.400000,0.600000
feature_clip_hier_in_domain_nf1.0_s42,clip_hier_noisy,42,in_domain,1.0,small_mammals,16,500,45.600000,1.800000
feature_clip_hier_in_domain_nf1.0_s42,clip_hier_noisy,42,in_domain,1.0,trees,17,500,58.600003,0.000000
feature_clip_hier_in_domain_nf1.0_s42,clip_hier_noisy,42,in_domain,1.0,vehicles_1,18,500,66.000003,7.200000
feature_clip_hier_in_domain_nf1.0_s42,clip_hier_noisy,42,in_domain,1.0,vehicles_2,19,500,62.800002,9.800000
feature_clip_hier_cyclic_nf0.05_s42,clip_hier_noisy,42,cyclic,0.05,aquatic_mammals,0,500,49.000001,65.200001
feature_clip_hier_cyclic_nf0.05_s42,clip_hier_noisy,42,cyclic,0.05,fish,1,500,67.799997,73.600000
feature_clip_hier_cyclic_nf0.05_s42,clip_hier_noisy,42,cyclic,0.05,flowers,2,500,78.799999,90.399998
feature_clip_hier_cyclic_nf0.05_s42,clip_hier_noisy,42,cyclic,0.05,food_containers,3,500,74.199998,84.399998
feature_clip_hier_cyclic_nf0.05_s42,clip_hier_noisy,42,cyclic,0.05,fruit_and_vegetables,4,500,83.200002,85.000002
feature_clip_hier_cyclic_nf0.05_s42,clip_hier_noisy,42,cyclic,0.05,household_electrical_devices,5,500,84.799999,83.600003
feature_clip_hier_cyclic_nf0.05_s42,clip_hier_noisy,42,cyclic,0.05,household_furniture,6,500,78.200001,86.400002
feature_clip_hier_cyclic_nf0.05_s42,clip_hier_noisy,42,cyclic,0.05,insects,7,500,76.400000,83.600003
feature_clip_hier_cyclic_nf0.05_s42,clip_hier_noisy,42,cyclic,0.05,large_carnivores,8,500,65.799999,70.800000
feature_clip_hier_cyclic_nf0.05_s42,clip_hier_noisy,42,cyclic,0.05,large_man_made_outdoor_things,9,500,88.800001,89.399999
feature_clip_hier_cyclic_nf0.05_s42,clip_hier_noisy,42,cyclic,0.05,large_natural_outdoor_scenes,10,500,80.199999,88.200003
feature_clip_hier_cyclic_nf0.05_s42,clip_hier_noisy,42,cyclic,0.05,large_omnivores_and_herbivores,11,500,72.799999,79.200000
feature_clip_hier_cyclic_nf0.05_s42,clip_hier_noisy,42,cyclic,0.05,medium_mammals,12,500,67.000002,64.399999
feature_clip_hier_cyclic_nf0.05_s42,clip_hier_noisy,42,cyclic,0.05,non_insect_invertebrates,13,500,68.199998,69.599998
feature_clip_hier_cyclic_nf0.05_s42,clip_hier_noisy,42,cyclic,0.05,people,14,500,74.000001,95.599997
feature_clip_hier_cyclic_nf0.05_s42,clip_hier_noisy,42,cyclic,0.05,reptiles,15,500,55.400002,52.600002
feature_clip_hier_cyclic_nf0.05_s42,clip_hier_noisy,42,cyclic,0.05,small_mammals,16,500,49.599999,51.400000
feature_clip_hier_cyclic_nf0.05_s42,clip_hier_noisy,42,cyclic,0.05,trees,17,500,67.400002,91.200000
feature_clip_hier_cyclic_nf0.05_s42,clip_hier_noisy,42,cyclic,0.05,vehicles_1,18,500,83.800000,87.000000
feature_clip_hier_cyclic_nf0.05_s42,clip_hier_noisy,42,cyclic,0.05,vehicles_2,19,500,82.800001,78.399998
feature_clip_hier_cyclic_nf0.1_s42,clip_hier_noisy,42,cyclic,0.1,aquatic_mammals,0,500,45.199999,58.800000
feature_clip_hier_cyclic_nf0.1_s42,clip_hier_noisy,42,cyclic,0.1,fish,1,500,69.199997,76.999998
feature_clip_hier_cyclic_nf0.1_s42,clip_hier_noisy,42,cyclic,0.1,flowers,2,500,78.200001,90.600002
feature_clip_hier_cyclic_nf0.1_s42,clip_hier_noisy,42,cyclic,0.1,food_containers,3,500,74.000001,82.200003
feature_clip_hier_cyclic_nf0.1_s42,clip_hier_noisy,42,cyclic,0.1,fruit_and_vegetables,4,500,81.199998,85.799998
feature_clip_hier_cyclic_nf0.1_s42,clip_hier_noisy,42,cyclic,0.1,household_electrical_devices,5,500,84.799999,82.800001
feature_clip_hier_cyclic_nf0.1_s42,clip_hier_noisy,42,cyclic,0.1,household_furniture,6,500,76.999998,86.400002
feature_clip_hier_cyclic_nf0.1_s42,clip_hier_noisy,42,cyclic,0.1,insects,7,500,76.400000,82.200003
feature_clip_hier_cyclic_nf0.1_s42,clip_hier_noisy,42,cyclic,0.1,large_carnivores,8,500,65.799999,67.400002
feature_clip_hier_cyclic_nf0.1_s42,clip_hier_noisy,42,cyclic,0.1,large_man_made_outdoor_things,9,500,88.800001,88.599998
feature_clip_hier_cyclic_nf0.1_s42,clip_hier_noisy,42,cyclic,0.1,large_natural_outdoor_scenes,10,500,80.599999,88.000000
feature_clip_hier_cyclic_nf0.1_s42,clip_hier_noisy,42,cyclic,0.1,large_omnivores_and_herbivores,11,500,72.200000,75.199997
feature_clip_hier_cyclic_nf0.1_s42,clip_hier_noisy,42,cyclic,0.1,medium_mammals,12,500,67.600000,67.400002
feature_clip_hier_cyclic_nf0.1_s42,clip_hier_noisy,42,cyclic,0.1,non_insect_invertebrates,13,500,68.199998,68.199998
feature_clip_hier_cyclic_nf0.1_s42,clip_hier_noisy,42,cyclic,0.1,people,14,500,74.000001,95.400000
feature_clip_hier_cyclic_nf0.1_s42,clip_hier_noisy,42,cyclic,0.1,reptiles,15,500,55.000001,50.000000
feature_clip_hier_cyclic_nf0.1_s42,clip_hier_noisy,42,cyclic,0.1,small_mammals,16,500,49.599999,53.600001
feature_clip_hier_cyclic_nf0.1_s42,clip_hier_noisy,42,cyclic,0.1,trees,17,500,67.400002,91.200000
feature_clip_hier_cyclic_nf0.1_s42,clip_hier_noisy,42,cyclic,0.1,vehicles_1,18,500,82.599998,86.400002
feature_clip_hier_cyclic_nf0.1_s42,clip_hier_noisy,42,cyclic,0.1,vehicles_2,19,500,85.000002,77.600002
feature_clip_hier_cyclic_nf0.2_s42,clip_hier_noisy,42,cyclic,0.2,aquatic_mammals,0,500,44.400001,56.999999
feature_clip_hier_cyclic_nf0.2_s42,clip_hier_noisy,42,cyclic,0.2,fish,1,500,68.000001,71.200001
feature_clip_hier_cyclic_nf0.2_s42,clip_hier_noisy,42,cyclic,0.2,flowers,2,500,77.200001,88.400000
feature_clip_hier_cyclic_nf0.2_s42,clip_hier_noisy,42,cyclic,0.2,food_containers,3,500,75.000000,79.200000
feature_clip_hier_cyclic_nf0.2_s42,clip_hier_noisy,42,cyclic,0.2,fruit_and_vegetables,4,500,82.400000,86.400002
feature_clip_hier_cyclic_nf0.2_s42,clip_hier_noisy,42,cyclic,0.2,household_electrical_devices,5,500,85.399997,81.000000
feature_clip_hier_cyclic_nf0.2_s42,clip_hier_noisy,42,cyclic,0.2,household_furniture,6,500,77.200001,80.400002
feature_clip_hier_cyclic_nf0.2_s42,clip_hier_noisy,42,cyclic,0.2,insects,7,500,75.199997,78.600001
feature_clip_hier_cyclic_nf0.2_s42,clip_hier_noisy,42,cyclic,0.2,large_carnivores,8,500,63.800001,63.599998
feature_clip_hier_cyclic_nf0.2_s42,clip_hier_noisy,42,cyclic,0.2,large_man_made_outdoor_things,9,500,86.799997,83.600003
feature_clip_hier_cyclic_nf0.2_s42,clip_hier_noisy,42,cyclic,0.2,large_natural_outdoor_scenes,10,500,80.599999,86.199999
feature_clip_hier_cyclic_nf0.2_s42,clip_hier_noisy,42,cyclic,0.2,large_omnivores_and_herbivores,11,500,71.600002,68.000001
feature_clip_hier_cyclic_nf0.2_s42,clip_hier_noisy,42,cyclic,0.2,medium_mammals,12,500,66.600001,62.599999
feature_clip_hier_cyclic_nf0.2_s42,clip_hier_noisy,42,cyclic,0.2,non_insect_invertebrates,13,500,67.799997,64.800000
feature_clip_hier_cyclic_nf0.2_s42,clip_hier_noisy,42,cyclic,0.2,people,14,500,73.199999,94.800001
feature_clip_hier_cyclic_nf0.2_s42,clip_hier_noisy,42,cyclic,0.2,reptiles,15,500,55.800003,47.600001
feature_clip_hier_cyclic_nf0.2_s42,clip_hier_noisy,42,cyclic,0.2,small_mammals,16,500,48.199999,51.599997
feature_clip_hier_cyclic_nf0.2_s42,clip_hier_noisy,42,cyclic,0.2,trees,17,500,67.199999,92.799997
feature_clip_hier_cyclic_nf0.2_s42,clip_hier_noisy,42,cyclic,0.2,vehicles_1,18,500,82.999998,85.799998
feature_clip_hier_cyclic_nf0.2_s42,clip_hier_noisy,42,cyclic,0.2,vehicles_2,19,500,82.400000,73.600000
feature_clip_hier_cyclic_nf0.3_s42,clip_hier_noisy,42,cyclic,0.3,aquatic_mammals,0,500,44.800001,49.599999
feature_clip_hier_cyclic_nf0.3_s42,clip_hier_noisy,42,cyclic,0.3,fish,1,500,68.199998,69.400001
feature_clip_hier_cyclic_nf0.3_s42,clip_hier_noisy,42,cyclic,0.3,flowers,2,500,75.599998,77.399999
feature_clip_hier_cyclic_nf0.3_s42,clip_hier_noisy,42,cyclic,0.3,food_containers,3,500,74.599999,74.800003
feature_clip_hier_cyclic_nf0.3_s42,clip_hier_noisy,42,cyclic,0.3,fruit_and_vegetables,4,500,79.600000,83.200002
feature_clip_hier_cyclic_nf0.3_s42,clip_hier_noisy,42,cyclic,0.3,household_electrical_devices,5,500,83.999997,68.800002
feature_clip_hier_cyclic_nf0.3_s42,clip_hier_noisy,42,cyclic,0.3,household_furniture,6,500,76.400000,73.199999
feature_clip_hier_cyclic_nf0.3_s42,clip_hier_noisy,42,cyclic,0.3,insects,7,500,73.400003,75.400001
feature_clip_hier_cyclic_nf0.3_s42,clip_hier_noisy,42,cyclic,0.3,large_carnivores,8,500,62.800002,52.399999
feature_clip_hier_cyclic_nf0.3_s42,clip_hier_noisy,42,cyclic,0.3,large_man_made_outdoor_things,9,500,86.199999,75.400001
feature_clip_hier_cyclic_nf0.3_s42,clip_hier_noisy,42,cyclic,0.3,large_natural_outdoor_scenes,10,500,80.599999,84.399998
feature_clip_hier_cyclic_nf0.3_s42,clip_hier_noisy,42,cyclic,0.3,large_omnivores_and_herbivores,11,500,70.800000,63.400000
feature_clip_hier_cyclic_nf0.3_s42,clip_hier_noisy,42,cyclic,0.3,medium_mammals,12,500,60.799998,51.200002
feature_clip_hier_cyclic_nf0.3_s42,clip_hier_noisy,42,cyclic,0.3,non_insect_invertebrates,13,500,67.600000,65.200001
feature_clip_hier_cyclic_nf0.3_s42,clip_hier_noisy,42,cyclic,0.3,people,14,500,71.600002,93.400002
feature_clip_hier_cyclic_nf0.3_s42,clip_hier_noisy,42,cyclic,0.3,reptiles,15,500,54.400003,40.799999
feature_clip_hier_cyclic_nf0.3_s42,clip_hier_noisy,42,cyclic,0.3,small_mammals,16,500,49.599999,49.800000
feature_clip_hier_cyclic_nf0.3_s42,clip_hier_noisy,42,cyclic,0.3,trees,17,500,66.000003,87.000000
feature_clip_hier_cyclic_nf0.3_s42,clip_hier_noisy,42,cyclic,0.3,vehicles_1,18,500,81.000000,81.800002
feature_clip_hier_cyclic_nf0.3_s42,clip_hier_noisy,42,cyclic,0.3,vehicles_2,19,500,82.200003,72.399998
feature_clip_hier_cyclic_nf0.5_s42,clip_hier_noisy,42,cyclic,0.5,aquatic_mammals,0,500,41.200000,21.799999
feature_clip_hier_cyclic_nf0.5_s42,clip_hier_noisy,42,cyclic,0.5,fish,1,500,65.600002,47.999999
feature_clip_hier_cyclic_nf0.5_s42,clip_hier_noisy,42,cyclic,0.5,flowers,2,500,72.399998,40.799999
feature_clip_hier_cyclic_nf0.5_s42,clip_hier_noisy,42,cyclic,0.5,food_containers,3,500,71.799999,40.000001
feature_clip_hier_cyclic_nf0.5_s42,clip_hier_noisy,42,cyclic,0.5,fruit_and_vegetables,4,500,70.200002,39.600000
feature_clip_hier_cyclic_nf0.5_s42,clip_hier_noisy,42,cyclic,0.5,household_electrical_devices,5,500,80.599999,41.400000
feature_clip_hier_cyclic_nf0.5_s42,clip_hier_noisy,42,cyclic,0.5,household_furniture,6,500,70.599997,40.799999
feature_clip_hier_cyclic_nf0.5_s42,clip_hier_noisy,42,cyclic,0.5,insects,7,500,69.800001,43.200001
feature_clip_hier_cyclic_nf0.5_s42,clip_hier_noisy,42,cyclic,0.5,large_carnivores,8,500,59.399998,25.200000
feature_clip_hier_cyclic_nf0.5_s42,clip_hier_noisy,42,cyclic,0.5,large_man_made_outdoor_things,9,500,83.600003,56.800002
feature_clip_hier_cyclic_nf0.5_s42,clip_hier_noisy,42,cyclic,0.5,large_natural_outdoor_scenes,10,500,78.200001,54.200000
feature_clip_hier_cyclic_nf0.5_s42,clip_hier_noisy,42,cyclic,0.5,large_omnivores_and_herbivores,11,500,69.000000,28.000000
feature_clip_hier_cyclic_nf0.5_s42,clip_hier_noisy,42,cyclic,0.5,medium_mammals,12,500,56.999999,31.600001
feature_clip_hier_cyclic_nf0.5_s42,clip_hier_noisy,42,cyclic,0.5,non_insect_invertebrates,13,500,63.800001,33.600000
feature_clip_hier_cyclic_nf0.5_s42,clip_hier_noisy,42,cyclic,0.5,people,14,500,70.400000,72.200000
feature_clip_hier_cyclic_nf0.5_s42,clip_hier_noisy,42,cyclic,0.5,reptiles,15,500,53.600001,26.800001
feature_clip_hier_cyclic_nf0.5_s42,clip_hier_noisy,42,cyclic,0.5,small_mammals,16,500,48.199999,32.800001
feature_clip_hier_cyclic_nf0.5_s42,clip_hier_noisy,42,cyclic,0.5,trees,17,500,65.200001,49.000001
feature_clip_hier_cyclic_nf0.5_s42,clip_hier_noisy,42,cyclic,0.5,vehicles_1,18,500,77.999997,54.000002
feature_clip_hier_cyclic_nf0.5_s42,clip_hier_noisy,42,cyclic,0.5,vehicles_2,19,500,82.599998,49.599999
feature_clip_hier_cyclic_nf0.7_s42,clip_hier_noisy,42,cyclic,0.7,aquatic_mammals,0,500,35.400000,6.000000
feature_clip_hier_cyclic_nf0.7_s42,clip_hier_noisy,42,cyclic,0.7,fish,1,500,63.400000,25.400001
feature_clip_hier_cyclic_nf0.7_s42,clip_hier_noisy,42,cyclic,0.7,flowers,2,500,57.200003,4.800000
feature_clip_hier_cyclic_nf0.7_s42,clip_hier_noisy,42,cyclic,0.7,food_containers,3,500,69.599998,9.600000
feature_clip_hier_cyclic_nf0.7_s42,clip_hier_noisy,42,cyclic,0.7,fruit_and_vegetables,4,500,68.400002,10.000000
feature_clip_hier_cyclic_nf0.7_s42,clip_hier_noisy,42,cyclic,0.7,household_electrical_devices,5,500,70.200002,4.400000
feature_clip_hier_cyclic_nf0.7_s42,clip_hier_noisy,42,cyclic,0.7,household_furniture,6,500,70.400000,28.999999
feature_clip_hier_cyclic_nf0.7_s42,clip_hier_noisy,42,cyclic,0.7,insects,7,500,58.200002,6.200000
feature_clip_hier_cyclic_nf0.7_s42,clip_hier_noisy,42,cyclic,0.7,large_carnivores,8,500,49.000001,6.600000
feature_clip_hier_cyclic_nf0.7_s42,clip_hier_noisy,42,cyclic,0.7,large_man_made_outdoor_things,9,500,79.200000,12.200000
feature_clip_hier_cyclic_nf0.7_s42,clip_hier_noisy,42,cyclic,0.7,large_natural_outdoor_scenes,10,500,63.999999,16.400000
feature_clip_hier_cyclic_nf0.7_s42,clip_hier_noisy,42,cyclic,0.7,large_omnivores_and_herbivores,11,500,65.799999,2.200000
feature_clip_hier_cyclic_nf0.7_s42,clip_hier_noisy,42,cyclic,0.7,medium_mammals,12,500,55.800003,16.400000
feature_clip_hier_cyclic_nf0.7_s42,clip_hier_noisy,42,cyclic,0.7,non_insect_invertebrates,13,500,58.600003,17.399999
feature_clip_hier_cyclic_nf0.7_s42,clip_hier_noisy,42,cyclic,0.7,people,14,500,66.799998,15.400000
feature_clip_hier_cyclic_nf0.7_s42,clip_hier_noisy,42,cyclic,0.7,reptiles,15,500,50.000000,3.600000
feature_clip_hier_cyclic_nf0.7_s42,clip_hier_noisy,42,cyclic,0.7,small_mammals,16,500,43.799999,12.200000
feature_clip_hier_cyclic_nf0.7_s42,clip_hier_noisy,42,cyclic,0.7,trees,17,500,50.400001,8.400000
feature_clip_hier_cyclic_nf0.7_s42,clip_hier_noisy,42,cyclic,0.7,vehicles_1,18,500,70.800000,6.800000
feature_clip_hier_cyclic_nf0.7_s42,clip_hier_noisy,42,cyclic,0.7,vehicles_2,19,500,80.599999,30.599999
feature_clip_hier_cyclic_nf1.0_s42,clip_hier_noisy,42,cyclic,1.0,aquatic_mammals,0,500,27.599999,0.000000
feature_clip_hier_cyclic_nf1.0_s42,clip_hier_noisy,42,cyclic,1.0,fish,1,500,51.800001,4.400000
feature_clip_hier_cyclic_nf1.0_s42,clip_hier_noisy,42,cyclic,1.0,flowers,2,500,46.399999,1.000000
feature_clip_hier_cyclic_nf1.0_s42,clip_hier_noisy,42,cyclic,1.0,food_containers,3,500,57.800001,0.800000
feature_clip_hier_cyclic_nf1.0_s42,clip_hier_noisy,42,cyclic,1.0,fruit_and_vegetables,4,500,51.200002,1.400000
feature_clip_hier_cyclic_nf1.0_s42,clip_hier_noisy,42,cyclic,1.0,household_electrical_devices,5,500,58.999997,1.000000
feature_clip_hier_cyclic_nf1.0_s42,clip_hier_noisy,42,cyclic,1.0,household_furniture,6,500,57.200003,5.000000
feature_clip_hier_cyclic_nf1.0_s42,clip_hier_noisy,42,cyclic,1.0,insects,7,500,38.600001,0.000000
feature_clip_hier_cyclic_nf1.0_s42,clip_hier_noisy,42,cyclic,1.0,large_carnivores,8,500,36.800000,1.000000
feature_clip_hier_cyclic_nf1.0_s42,clip_hier_noisy,42,cyclic,1.0,large_man_made_outdoor_things,9,500,62.000000,0.400000
feature_clip_hier_cyclic_nf1.0_s42,clip_hier_noisy,42,cyclic,1.0,large_natural_outdoor_scenes,10,500,48.400000,2.000000
feature_clip_hier_cyclic_nf1.0_s42,clip_hier_noisy,42,cyclic,1.0,large_omnivores_and_herbivores,11,500,57.800001,0.400000
feature_clip_hier_cyclic_nf1.0_s42,clip_hier_noisy,42,cyclic,1.0,medium_mammals,12,500,37.200001,5.000000
feature_clip_hier_cyclic_nf1.0_s42,clip_hier_noisy,42,cyclic,1.0,non_insect_invertebrates,13,500,38.800001,0.800000
feature_clip_hier_cyclic_nf1.0_s42,clip_hier_noisy,42,cyclic,1.0,people,14,500,46.399999,0.800000
feature_clip_hier_cyclic_nf1.0_s42,clip_hier_noisy,42,cyclic,1.0,reptiles,15,500,41.000000,0.000000
feature_clip_hier_cyclic_nf1.0_s42,clip_hier_noisy,42,cyclic,1.0,small_mammals,16,500,30.800000,2.200000
feature_clip_hier_cyclic_nf1.0_s42,clip_hier_noisy,42,cyclic,1.0,trees,17,500,27.800000,0.600000
feature_clip_hier_cyclic_nf1.0_s42,clip_hier_noisy,42,cyclic,1.0,vehicles_1,18,500,55.599999,0.200000
feature_clip_hier_cyclic_nf1.0_s42,clip_hier_noisy,42,cyclic,1.0,vehicles_2,19,500,67.400002,11.200000
feature_clip_flat_s123,clip_flat,123,none,0.0,aquatic_mammals,0,500,52.600002,72.000003
feature_clip_flat_s123,clip_flat,123,none,0.0,fish,1,500,66.000003,74.199998
feature_clip_flat_s123,clip_flat,123,none,0.0,flowers,2,500,79.799998,93.199998
feature_clip_flat_s123,clip_flat,123,none,0.0,food_containers,3,500,75.800002,87.800002
feature_clip_flat_s123,clip_flat,123,none,0.0,fruit_and_vegetables,4,500,81.800002,90.799999
feature_clip_flat_s123,clip_flat,123,none,0.0,household_electrical_devices,5,500,82.999998,87.000000
feature_clip_flat_s123,clip_flat,123,none,0.0,household_furniture,6,500,77.800000,90.799999
feature_clip_flat_s123,clip_flat,123,none,0.0,insects,7,500,76.999998,86.199999
feature_clip_flat_s123,clip_flat,123,none,0.0,large_carnivores,8,500,64.600003,71.600002
feature_clip_flat_s123,clip_flat,123,none,0.0,large_man_made_outdoor_things,9,500,88.800001,93.000001
feature_clip_flat_s123,clip_flat,123,none,0.0,large_natural_outdoor_scenes,10,500,81.999999,89.600003
feature_clip_flat_s123,clip_flat,123,none,0.0,large_omnivores_and_herbivores,11,500,72.399998,79.600000
feature_clip_flat_s123,clip_flat,123,none,0.0,medium_mammals,12,500,66.399997,72.200000
feature_clip_flat_s123,clip_flat,123,none,0.0,non_insect_invertebrates,13,500,69.000000,75.599998
feature_clip_flat_s123,clip_flat,123,none,0.0,people,14,500,74.800003,94.999999
feature_clip_flat_s123,clip_flat,123,none,0.0,reptiles,15,500,57.599998,67.000002
feature_clip_flat_s123,clip_flat,123,none,0.0,small_mammals,16,500,52.999997,65.600002
feature_clip_flat_s123,clip_flat,123,none,0.0,trees,17,500,68.800002,93.199998
feature_clip_flat_s123,clip_flat,123,none,0.0,vehicles_1,18,500,86.199999,91.600001
feature_clip_flat_s123,clip_flat,123,none,0.0,vehicles_2,19,500,82.599998,85.399997
feature_clip_hier_clean_s123,clip_hier_clean,123,none,0.0,aquatic_mammals,0,500,52.200001,67.000002
feature_clip_hier_clean_s123,clip_hier_clean,123,none,0.0,fish,1,500,65.399998,69.800001
feature_clip_hier_clean_s123,clip_hier_clean,123,none,0.0,flowers,2,500,79.400003,93.400002
feature_clip_hier_clean_s123,clip_hier_clean,123,none,0.0,food_containers,3,500,77.600002,89.399999
feature_clip_hier_clean_s123,clip_hier_clean,123,none,0.0,fruit_and_vegetables,4,500,83.999997,85.799998
feature_clip_hier_clean_s123,clip_hier_clean,123,none,0.0,household_electrical_devices,5,500,85.200000,83.600003
feature_clip_hier_clean_s123,clip_hier_clean,123,none,0.0,household_furniture,6,500,77.600002,86.000001
feature_clip_hier_clean_s123,clip_hier_clean,123,none,0.0,insects,7,500,77.800000,84.200001
feature_clip_hier_clean_s123,clip_hier_clean,123,none,0.0,large_carnivores,8,500,63.800001,68.199998
feature_clip_hier_clean_s123,clip_hier_clean,123,none,0.0,large_man_made_outdoor_things,9,500,89.399999,93.000001
feature_clip_hier_clean_s123,clip_hier_clean,123,none,0.0,large_natural_outdoor_scenes,10,500,83.999997,88.000000
feature_clip_hier_clean_s123,clip_hier_clean,123,none,0.0,large_omnivores_and_herbivores,11,500,73.199999,81.400001
feature_clip_hier_clean_s123,clip_hier_clean,123,none,0.0,medium_mammals,12,500,63.599998,59.200001
feature_clip_hier_clean_s123,clip_hier_clean,123,none,0.0,non_insect_invertebrates,13,500,68.199998,64.800000
feature_clip_hier_clean_s123,clip_hier_clean,123,none,0.0,people,14,500,75.199997,94.599998
feature_clip_hier_clean_s123,clip_hier_clean,123,none,0.0,reptiles,15,500,56.000000,56.199998
feature_clip_hier_clean_s123,clip_hier_clean,123,none,0.0,small_mammals,16,500,54.200000,65.600002
feature_clip_hier_clean_s123,clip_hier_clean,123,none,0.0,trees,17,500,68.000001,92.600000
feature_clip_hier_clean_s123,clip_hier_clean,123,none,0.0,vehicles_1,18,500,84.200001,86.600000
feature_clip_hier_clean_s123,clip_hier_clean,123,none,0.0,vehicles_2,19,500,84.600002,81.000000
feature_clip_hier_uniform_nf0.05_s123,clip_hier_noisy,123,uniform,0.05,aquatic_mammals,0,500,50.400001,64.399999
feature_clip_hier_uniform_nf0.05_s123,clip_hier_noisy,123,uniform,0.05,fish,1,500,65.200001,70.599997
feature_clip_hier_uniform_nf0.05_s123,clip_hier_noisy,123,uniform,0.05,flowers,2,500,79.400003,93.599999
feature_clip_hier_uniform_nf0.05_s123,clip_hier_noisy,123,uniform,0.05,food_containers,3,500,78.200001,89.399999
feature_clip_hier_uniform_nf0.05_s123,clip_hier_noisy,123,uniform,0.05,fruit_and_vegetables,4,500,83.399999,85.799998
feature_clip_hier_uniform_nf0.05_s123,clip_hier_noisy,123,uniform,0.05,household_electrical_devices,5,500,83.800000,83.600003
feature_clip_hier_uniform_nf0.05_s123,clip_hier_noisy,123,uniform,0.05,household_furniture,6,500,77.600002,86.400002
feature_clip_hier_uniform_nf0.05_s123,clip_hier_noisy,123,uniform,0.05,insects,7,500,77.800000,82.800001
feature_clip_hier_uniform_nf0.05_s123,clip_hier_noisy,123,uniform,0.05,large_carnivores,8,500,65.200001,67.400002
feature_clip_hier_uniform_nf0.05_s123,clip_hier_noisy,123,uniform,0.05,large_man_made_outdoor_things,9,500,89.200002,91.399997
feature_clip_hier_uniform_nf0.05_s123,clip_hier_noisy,123,uniform,0.05,large_natural_outdoor_scenes,10,500,84.200001,89.200002
feature_clip_hier_uniform_nf0.05_s123,clip_hier_noisy,123,uniform,0.05,large_omnivores_and_herbivores,11,500,73.400003,80.199999
feature_clip_hier_uniform_nf0.05_s123,clip_hier_noisy,123,uniform,0.05,medium_mammals,12,500,65.600002,63.200003
feature_clip_hier_uniform_nf0.05_s123,clip_hier_noisy,123,uniform,0.05,non_insect_invertebrates,13,500,67.199999,63.800001
feature_clip_hier_uniform_nf0.05_s123,clip_hier_noisy,123,uniform,0.05,people,14,500,75.199997,94.400001
feature_clip_hier_uniform_nf0.05_s123,clip_hier_noisy,123,uniform,0.05,reptiles,15,500,56.599998,56.000000
feature_clip_hier_uniform_nf0.05_s123,clip_hier_noisy,123,uniform,0.05,small_mammals,16,500,55.199999,68.000001
feature_clip_hier_uniform_nf0.05_s123,clip_hier_noisy,123,uniform,0.05,trees,17,500,67.600000,92.799997
feature_clip_hier_uniform_nf0.05_s123,clip_hier_noisy,123,uniform,0.05,vehicles_1,18,500,83.800000,88.000000
feature_clip_hier_uniform_nf0.05_s123,clip_hier_noisy,123,uniform,0.05,vehicles_2,19,500,85.200000,77.999997
feature_clip_hier_uniform_nf0.1_s123,clip_hier_noisy,123,uniform,0.1,aquatic_mammals,0,500,51.800001,67.199999
feature_clip_hier_uniform_nf0.1_s123,clip_hier_noisy,123,uniform,0.1,fish,1,500,64.600003,68.199998
feature_clip_hier_uniform_nf0.1_s123,clip_hier_noisy,123,uniform,0.1,flowers,2,500,79.200000,91.799998
feature_clip_hier_uniform_nf0.1_s123,clip_hier_noisy,123,uniform,0.1,food_containers,3,500,76.999998,91.399997
feature_clip_hier_uniform_nf0.1_s123,clip_hier_noisy,123,uniform,0.1,fruit_and_vegetables,4,500,83.200002,85.200000
feature_clip_hier_uniform_nf0.1_s123,clip_hier_noisy,123,uniform,0.1,household_electrical_devices,5,500,83.600003,80.000001
feature_clip_hier_uniform_nf0.1_s123,clip_hier_noisy,123,uniform,0.1,household_furniture,6,500,76.200002,85.600001
feature_clip_hier_uniform_nf0.1_s123,clip_hier_noisy,123,uniform,0.1,insects,7,500,77.999997,82.400000
feature_clip_hier_uniform_nf0.1_s123,clip_hier_noisy,123,uniform,0.1,large_carnivores,8,500,65.399998,71.600002
feature_clip_hier_uniform_nf0.1_s123,clip_hier_noisy,123,uniform,0.1,large_man_made_outdoor_things,9,500,89.999998,92.400002
feature_clip_hier_uniform_nf0.1_s123,clip_hier_noisy,123,uniform,0.1,large_natural_outdoor_scenes,10,500,82.999998,88.200003
feature_clip_hier_uniform_nf0.1_s123,clip_hier_noisy,123,uniform,0.1,large_omnivores_and_herbivores,11,500,72.399998,75.800002
feature_clip_hier_uniform_nf0.1_s123,clip_hier_noisy,123,uniform,0.1,medium_mammals,12,500,66.000003,61.600000
feature_clip_hier_uniform_nf0.1_s123,clip_hier_noisy,123,uniform,0.1,non_insect_invertebrates,13,500,67.199999,67.199999
feature_clip_hier_uniform_nf0.1_s123,clip_hier_noisy,123,uniform,0.1,people,14,500,74.000001,95.599997
feature_clip_hier_uniform_nf0.1_s123,clip_hier_noisy,123,uniform,0.1,reptiles,15,500,55.199999,54.000002
feature_clip_hier_uniform_nf0.1_s123,clip_hier_noisy,123,uniform,0.1,small_mammals,16,500,55.000001,68.599999
feature_clip_hier_uniform_nf0.1_s123,clip_hier_noisy,123,uniform,0.1,trees,17,500,66.399997,91.799998
feature_clip_hier_uniform_nf0.1_s123,clip_hier_noisy,123,uniform,0.1,vehicles_1,18,500,84.200001,89.800000
feature_clip_hier_uniform_nf0.1_s123,clip_hier_noisy,123,uniform,0.1,vehicles_2,19,500,82.999998,76.999998
feature_clip_hier_uniform_nf0.2_s123,clip_hier_noisy,123,uniform,0.2,aquatic_mammals,0,500,51.200002,67.400002
feature_clip_hier_uniform_nf0.2_s123,clip_hier_noisy,123,uniform,0.2,fish,1,500,64.999998,66.600001
feature_clip_hier_uniform_nf0.2_s123,clip_hier_noisy,123,uniform,0.2,flowers,2,500,79.200000,94.199997
feature_clip_hier_uniform_nf0.2_s123,clip_hier_noisy,123,uniform,0.2,food_containers,3,500,76.800001,91.600001
feature_clip_hier_uniform_nf0.2_s123,clip_hier_noisy,123,uniform,0.2,fruit_and_vegetables,4,500,82.200003,84.600002
feature_clip_hier_uniform_nf0.2_s123,clip_hier_noisy,123,uniform,0.2,household_electrical_devices,5,500,82.999998,79.400003
feature_clip_hier_uniform_nf0.2_s123,clip_hier_noisy,123,uniform,0.2,household_furniture,6,500,77.399999,86.000001
feature_clip_hier_uniform_nf0.2_s123,clip_hier_noisy,123,uniform,0.2,insects,7,500,75.400001,79.000002
feature_clip_hier_uniform_nf0.2_s123,clip_hier_noisy,123,uniform,0.2,large_carnivores,8,500,66.399997,73.000002
feature_clip_hier_uniform_nf0.2_s123,clip_hier_noisy,123,uniform,0.2,large_man_made_outdoor_things,9,500,89.399999,91.799998
feature_clip_hier_uniform_nf0.2_s123,clip_hier_noisy,123,uniform,0.2,large_natural_outdoor_scenes,10,500,81.800002,85.600001
feature_clip_hier_uniform_nf0.2_s123,clip_hier_noisy,123,uniform,0.2,large_omnivores_and_herbivores,11,500,73.199999,80.199999
feature_clip_hier_uniform_nf0.2_s123,clip_hier_noisy,123,uniform,0.2,medium_mammals,12,500,63.400000,54.200000
feature_clip_hier_uniform_nf0.2_s123,clip_hier_noisy,123,uniform,0.2,non_insect_invertebrates,13,500,67.000002,60.000002
feature_clip_hier_uniform_nf0.2_s123,clip_hier_noisy,123,uniform,0.2,people,14,500,74.000001,95.400000
feature_clip_hier_uniform_nf0.2_s123,clip_hier_noisy,123,uniform,0.2,reptiles,15,500,59.600002,59.600002
feature_clip_hier_uniform_nf0.2_s123,clip_hier_noisy,123,uniform,0.2,small_mammals,16,500,52.999997,68.199998
feature_clip_hier_uniform_nf0.2_s123,clip_hier_noisy,123,uniform,0.2,trees,17,500,66.399997,93.400002
feature_clip_hier_uniform_nf0.2_s123,clip_hier_noisy,123,uniform,0.2,vehicles_1,18,500,84.799999,88.599998
feature_clip_hier_uniform_nf0.2_s123,clip_hier_noisy,123,uniform,0.2,vehicles_2,19,500,83.600003,79.799998
feature_clip_hier_uniform_nf0.3_s123,clip_hier_noisy,123,uniform,0.3,aquatic_mammals,0,500,47.000000,60.000002
feature_clip_hier_uniform_nf0.3_s123,clip_hier_noisy,123,uniform,0.3,fish,1,500,67.000002,68.000001
feature_clip_hier_uniform_nf0.3_s123,clip_hier_noisy,123,uniform,0.3,flowers,2,500,80.000001,91.799998
feature_clip_hier_uniform_nf0.3_s123,clip_hier_noisy,123,uniform,0.3,food_containers,3,500,76.800001,87.000000
feature_clip_hier_uniform_nf0.3_s123,clip_hier_noisy,123,uniform,0.3,fruit_and_vegetables,4,500,82.599998,85.000002
feature_clip_hier_uniform_nf0.3_s123,clip_hier_noisy,123,uniform,0.3,household_electrical_devices,5,500,83.800000,81.800002
feature_clip_hier_uniform_nf0.3_s123,clip_hier_noisy,123,uniform,0.3,household_furniture,6,500,76.999998,86.199999
feature_clip_hier_uniform_nf0.3_s123,clip_hier_noisy,123,uniform,0.3,insects,7,500,75.400001,82.999998
feature_clip_hier_uniform_nf0.3_s123,clip_hier_noisy,123,uniform,0.3,large_carnivores,8,500,61.000001,63.999999
feature_clip_hier_uniform_nf0.3_s123,clip_hier_noisy,123,uniform,0.3,large_man_made_outdoor_things,9,500,88.000000,90.200001
feature_clip_hier_uniform_nf0.3_s123,clip_hier_noisy,123,uniform,0.3,large_natural_outdoor_scenes,10,500,81.800002,88.200003
feature_clip_hier_uniform_nf0.3_s123,clip_hier_noisy,123,uniform,0.3,large_omnivores_and_herbivores,11,500,73.199999,78.200001
feature_clip_hier_uniform_nf0.3_s123,clip_hier_noisy,123,uniform,0.3,medium_mammals,12,500,65.799999,62.000000
feature_clip_hier_uniform_nf0.3_s123,clip_hier_noisy,123,uniform,0.3,non_insect_invertebrates,13,500,68.400002,63.200003
feature_clip_hier_uniform_nf0.3_s123,clip_hier_noisy,123,uniform,0.3,people,14,500,73.600000,94.800001
feature_clip_hier_uniform_nf0.3_s123,clip_hier_noisy,123,uniform,0.3,reptiles,15,500,57.800001,53.799999
feature_clip_hier_uniform_nf0.3_s123,clip_hier_noisy,123,uniform,0.3,small_mammals,16,500,56.199998,70.599997
feature_clip_hier_uniform_nf0.3_s123,clip_hier_noisy,123,uniform,0.3,trees,17,500,64.399999,92.799997
feature_clip_hier_uniform_nf0.3_s123,clip_hier_noisy,123,uniform,0.3,vehicles_1,18,500,85.799998,86.600000
feature_clip_hier_uniform_nf0.3_s123,clip_hier_noisy,123,uniform,0.3,vehicles_2,19,500,83.800000,79.600000
feature_clip_hier_uniform_nf0.5_s123,clip_hier_noisy,123,uniform,0.5,aquatic_mammals,0,500,49.800000,65.399998
feature_clip_hier_uniform_nf0.5_s123,clip_hier_noisy,123,uniform,0.5,fish,1,500,66.600001,64.200002
feature_clip_hier_uniform_nf0.5_s123,clip_hier_noisy,123,uniform,0.5,flowers,2,500,80.599999,94.199997
feature_clip_hier_uniform_nf0.5_s123,clip_hier_noisy,123,uniform,0.5,food_containers,3,500,77.600002,87.199998
feature_clip_hier_uniform_nf0.5_s123,clip_hier_noisy,123,uniform,0.5,fruit_and_vegetables,4,500,83.399999,85.799998
feature_clip_hier_uniform_nf0.5_s123,clip_hier_noisy,123,uniform,0.5,household_electrical_devices,5,500,82.800001,76.400000
feature_clip_hier_uniform_nf0.5_s123,clip_hier_noisy,123,uniform,0.5,household_furniture,6,500,75.199997,85.799998
feature_clip_hier_uniform_nf0.5_s123,clip_hier_noisy,123,uniform,0.5,insects,7,500,75.599998,81.199998
feature_clip_hier_uniform_nf0.5_s123,clip_hier_noisy,123,uniform,0.5,large_carnivores,8,500,65.399998,66.200000
feature_clip_hier_uniform_nf0.5_s123,clip_hier_noisy,123,uniform,0.5,large_man_made_outdoor_things,9,500,87.800002,89.399999
feature_clip_hier_uniform_nf0.5_s123,clip_hier_noisy,123,uniform,0.5,large_natural_outdoor_scenes,10,500,82.400000,86.199999
feature_clip_hier_uniform_nf0.5_s123,clip_hier_noisy,123,uniform,0.5,large_omnivores_and_herbivores,11,500,71.200001,72.600001
feature_clip_hier_uniform_nf0.5_s123,clip_hier_noisy,123,uniform,0.5,medium_mammals,12,500,65.600002,62.199998
feature_clip_hier_uniform_nf0.5_s123,clip_hier_noisy,123,uniform,0.5,non_insect_invertebrates,13,500,69.599998,58.999997
feature_clip_hier_uniform_nf0.5_s123,clip_hier_noisy,123,uniform,0.5,people,14,500,73.400003,94.199997
feature_clip_hier_uniform_nf0.5_s123,clip_hier_noisy,123,uniform,0.5,reptiles,15,500,58.600003,61.400002
feature_clip_hier_uniform_nf0.5_s123,clip_hier_noisy,123,uniform,0.5,small_mammals,16,500,55.199999,61.400002
feature_clip_hier_uniform_nf0.5_s123,clip_hier_noisy,123,uniform,0.5,trees,17,500,65.600002,92.000002
feature_clip_hier_uniform_nf0.5_s123,clip_hier_noisy,123,uniform,0.5,vehicles_1,18,500,84.200001,87.599999
feature_clip_hier_uniform_nf0.5_s123,clip_hier_noisy,123,uniform,0.5,vehicles_2,19,500,84.399998,74.800003
feature_clip_hier_uniform_nf0.7_s123,clip_hier_noisy,123,uniform,0.7,aquatic_mammals,0,500,49.399999,62.599999
feature_clip_hier_uniform_nf0.7_s123,clip_hier_noisy,123,uniform,0.7,fish,1,500,63.599998,59.600002
feature_clip_hier_uniform_nf0.7_s123,clip_hier_noisy,123,uniform,0.7,flowers,2,500,80.000001,91.399997
feature_clip_hier_uniform_nf0.7_s123,clip_hier_noisy,123,uniform,0.7,food_containers,3,500,75.999999,89.999998
feature_clip_hier_uniform_nf0.7_s123,clip_hier_noisy,123,uniform,0.7,fruit_and_vegetables,4,500,82.400000,86.799997
feature_clip_hier_uniform_nf0.7_s123,clip_hier_noisy,123,uniform,0.7,household_electrical_devices,5,500,81.199998,72.200000
feature_clip_hier_uniform_nf0.7_s123,clip_hier_noisy,123,uniform,0.7,household_furniture,6,500,76.200002,82.599998
feature_clip_hier_uniform_nf0.7_s123,clip_hier_noisy,123,uniform,0.7,insects,7,500,74.000001,74.800003
feature_clip_hier_uniform_nf0.7_s123,clip_hier_noisy,123,uniform,0.7,large_carnivores,8,500,62.800002,59.399998
feature_clip_hier_uniform_nf0.7_s123,clip_hier_noisy,123,uniform,0.7,large_man_made_outdoor_things,9,500,86.799997,88.599998
feature_clip_hier_uniform_nf0.7_s123,clip_hier_noisy,123,uniform,0.7,large_natural_outdoor_scenes,10,500,82.400000,83.800000
feature_clip_hier_uniform_nf0.7_s123,clip_hier_noisy,123,uniform,0.7,large_omnivores_and_herbivores,11,500,71.200001,69.999999
feature_clip_hier_uniform_nf0.7_s123,clip_hier_noisy,123,uniform,0.7,medium_mammals,12,500,64.600003,69.800001
feature_clip_hier_uniform_nf0.7_s123,clip_hier_noisy,123,uniform,0.7,non_insect_invertebrates,13,500,63.400000,46.799999
feature_clip_hier_uniform_nf0.7_s123,clip_hier_noisy,123,uniform,0.7,people,14,500,74.199998,94.599998
feature_clip_hier_uniform_nf0.7_s123,clip_hier_noisy,123,uniform,0.7,reptiles,15,500,58.200002,57.599998
feature_clip_hier_uniform_nf0.7_s123,clip_hier_noisy,123,uniform,0.7,small_mammals,16,500,52.600002,52.600002
feature_clip_hier_uniform_nf0.7_s123,clip_hier_noisy,123,uniform,0.7,trees,17,500,65.200001,91.200000
feature_clip_hier_uniform_nf0.7_s123,clip_hier_noisy,123,uniform,0.7,vehicles_1,18,500,85.600001,88.400000
feature_clip_hier_uniform_nf0.7_s123,clip_hier_noisy,123,uniform,0.7,vehicles_2,19,500,81.599998,69.400001
feature_clip_hier_uniform_nf1.0_s123,clip_hier_noisy,123,uniform,1.0,aquatic_mammals,0,500,50.000000,0.600000
feature_clip_hier_uniform_nf1.0_s123,clip_hier_noisy,123,uniform,1.0,fish,1,500,64.999998,0.200000
feature_clip_hier_uniform_nf1.0_s123,clip_hier_noisy,123,uniform,1.0,flowers,2,500,80.199999,0.200000
feature_clip_hier_uniform_nf1.0_s123,clip_hier_noisy,123,uniform,1.0,food_containers,3,500,75.599998,0.000000
feature_clip_hier_uniform_nf1.0_s123,clip_hier_noisy,123,uniform,1.0,fruit_and_vegetables,4,500,81.000000,0.000000
feature_clip_hier_uniform_nf1.0_s123,clip_hier_noisy,123,uniform,1.0,household_electrical_devices,5,500,82.800001,1.000000
feature_clip_hier_uniform_nf1.0_s123,clip_hier_noisy,123,uniform,1.0,household_furniture,6,500,75.800002,0.600000
feature_clip_hier_uniform_nf1.0_s123,clip_hier_noisy,123,uniform,1.0,insects,7,500,73.600000,1.400000
feature_clip_hier_uniform_nf1.0_s123,clip_hier_noisy,123,uniform,1.0,large_carnivores,8,500,66.600001,0.000000
feature_clip_hier_uniform_nf1.0_s123,clip_hier_noisy,123,uniform,1.0,large_man_made_outdoor_things,9,500,88.200003,0.000000
feature_clip_hier_uniform_nf1.0_s123,clip_hier_noisy,123,uniform,1.0,large_natural_outdoor_scenes,10,500,81.199998,3.600000
feature_clip_hier_uniform_nf1.0_s123,clip_hier_noisy,123,uniform,1.0,large_omnivores_and_herbivores,11,500,70.800000,0.600000
feature_clip_hier_uniform_nf1.0_s123,clip_hier_noisy,123,uniform,1.0,medium_mammals,12,500,60.799998,0.200000
feature_clip_hier_uniform_nf1.0_s123,clip_hier_noisy,123,uniform,1.0,non_insect_invertebrates,13,500,68.199998,0.000000
feature_clip_hier_uniform_nf1.0_s123,clip_hier_noisy,123,uniform,1.0,people,14,500,73.199999,0.200000
feature_clip_hier_uniform_nf1.0_s123,clip_hier_noisy,123,uniform,1.0,reptiles,15,500,57.400000,0.800000
feature_clip_hier_uniform_nf1.0_s123,clip_hier_noisy,123,uniform,1.0,small_mammals,16,500,52.200001,0.200000
feature_clip_hier_uniform_nf1.0_s123,clip_hier_noisy,123,uniform,1.0,trees,17,500,64.800000,0.000000
feature_clip_hier_uniform_nf1.0_s123,clip_hier_noisy,123,uniform,1.0,vehicles_1,18,500,84.600002,1.200000
feature_clip_hier_uniform_nf1.0_s123,clip_hier_noisy,123,uniform,1.0,vehicles_2,19,500,82.599998,0.000000
feature_clip_hier_in_domain_nf0.05_s123,clip_hier_noisy,123,in_domain,0.05,aquatic_mammals,0,500,54.000002,69.599998
feature_clip_hier_in_domain_nf0.05_s123,clip_hier_noisy,123,in_domain,0.05,fish,1,500,64.999998,69.000000
feature_clip_hier_in_domain_nf0.05_s123,clip_hier_noisy,123,in_domain,0.05,flowers,2,500,79.600000,92.000002
feature_clip_hier_in_domain_nf0.05_s123,clip_hier_noisy,123,in_domain,0.05,food_containers,3,500,76.800001,88.200003
feature_clip_hier_in_domain_nf0.05_s123,clip_hier_noisy,123,in_domain,0.05,fruit_and_vegetables,4,500,81.999999,86.000001
feature_clip_hier_in_domain_nf0.05_s123,clip_hier_noisy,123,in_domain,0.05,household_electrical_devices,5,500,84.200001,84.600002
feature_clip_hier_in_domain_nf0.05_s123,clip_hier_noisy,123,in_domain,0.05,household_furniture,6,500,75.599998,86.400002
feature_clip_hier_in_domain_nf0.05_s123,clip_hier_noisy,123,in_domain,0.05,insects,7,500,77.800000,83.600003
feature_clip_hier_in_domain_nf0.05_s123,clip_hier_noisy,123,in_domain,0.05,large_carnivores,8,500,64.800000,68.800002
feature_clip_hier_in_domain_nf0.05_s123,clip_hier_noisy,123,in_domain,0.05,large_man_made_outdoor_things,9,500,89.800000,92.600000
feature_clip_hier_in_domain_nf0.05_s123,clip_hier_noisy,123,in_domain,0.05,large_natural_outdoor_scenes,10,500,83.200002,87.599999
feature_clip_hier_in_domain_nf0.05_s123,clip_hier_noisy,123,in_domain,0.05,large_omnivores_and_herbivores,11,500,73.799998,80.800003
feature_clip_hier_in_domain_nf0.05_s123,clip_hier_noisy,123,in_domain,0.05,medium_mammals,12,500,63.999999,61.799997
feature_clip_hier_in_domain_nf0.05_s123,clip_hier_noisy,123,in_domain,0.05,non_insect_invertebrates,13,500,67.400002,63.599998
feature_clip_hier_in_domain_nf0.05_s123,clip_hier_noisy,123,in_domain,0.05,people,14,500,75.000000,95.400000
feature_clip_hier_in_domain_nf0.05_s123,clip_hier_noisy,123,in_domain,0.05,reptiles,15,500,55.800003,55.400002
feature_clip_hier_in_domain_nf0.05_s123,clip_hier_noisy,123,in_domain,0.05,small_mammals,16,500,54.600000,63.599998
feature_clip_hier_in_domain_nf0.05_s123,clip_hier_noisy,123,in_domain,0.05,trees,17,500,67.400002,91.600001
feature_clip_hier_in_domain_nf0.05_s123,clip_hier_noisy,123,in_domain,0.05,vehicles_1,18,500,85.000002,88.599998
feature_clip_hier_in_domain_nf0.05_s123,clip_hier_noisy,123,in_domain,0.05,vehicles_2,19,500,84.399998,78.600001
feature_clip_hier_in_domain_nf0.1_s123,clip_hier_noisy,123,in_domain,0.1,aquatic_mammals,0,500,52.200001,67.600000
feature_clip_hier_in_domain_nf0.1_s123,clip_hier_noisy,123,in_domain,0.1,fish,1,500,65.200001,68.199998
feature_clip_hier_in_domain_nf0.1_s123,clip_hier_noisy,123,in_domain,0.1,flowers,2,500,79.799998,92.000002
feature_clip_hier_in_domain_nf0.1_s123,clip_hier_noisy,123,in_domain,0.1,food_containers,3,500,77.399999,88.599998
feature_clip_hier_in_domain_nf0.1_s123,clip_hier_noisy,123,in_domain,0.1,fruit_and_vegetables,4,500,82.400000,84.600002
feature_clip_hier_in_domain_nf0.1_s123,clip_hier_noisy,123,in_domain,0.1,household_electrical_devices,5,500,83.399999,83.800000
feature_clip_hier_in_domain_nf0.1_s123,clip_hier_noisy,123,in_domain,0.1,household_furniture,6,500,76.400000,85.000002
feature_clip_hier_in_domain_nf0.1_s123,clip_hier_noisy,123,in_domain,0.1,insects,7,500,76.800001,81.599998
feature_clip_hier_in_domain_nf0.1_s123,clip_hier_noisy,123,in_domain,0.1,large_carnivores,8,500,63.800001,62.400001
feature_clip_hier_in_domain_nf0.1_s123,clip_hier_noisy,123,in_domain,0.1,large_man_made_outdoor_things,9,500,89.600003,91.799998
feature_clip_hier_in_domain_nf0.1_s123,clip_hier_noisy,123,in_domain,0.1,large_natural_outdoor_scenes,10,500,84.200001,88.000000
feature_clip_hier_in_domain_nf0.1_s123,clip_hier_noisy,123,in_domain,0.1,large_omnivores_and_herbivores,11,500,73.600000,82.400000
feature_clip_hier_in_domain_nf0.1_s123,clip_hier_noisy,123,in_domain,0.1,medium_mammals,12,500,63.200003,61.600000
feature_clip_hier_in_domain_nf0.1_s123,clip_hier_noisy,123,in_domain,0.1,non_insect_invertebrates,13,500,67.199999,64.600003
feature_clip_hier_in_domain_nf0.1_s123,clip_hier_noisy,123,in_domain,0.1,people,14,500,74.599999,94.800001
feature_clip_hier_in_domain_nf0.1_s123,clip_hier_noisy,123,in_domain,0.1,reptiles,15,500,55.800003,55.400002
feature_clip_hier_in_domain_nf0.1_s123,clip_hier_noisy,123,in_domain,0.1,small_mammals,16,500,54.799998,64.800000
feature_clip_hier_in_domain_nf0.1_s123,clip_hier_noisy,123,in_domain,0.1,trees,17,500,65.799999,88.999999
feature_clip_hier_in_domain_nf0.1_s123,clip_hier_noisy,123,in_domain,0.1,vehicles_1,18,500,84.600002,85.799998
feature_clip_hier_in_domain_nf0.1_s123,clip_hier_noisy,123,in_domain,0.1,vehicles_2,19,500,83.600003,80.599999
feature_clip_hier_in_domain_nf0.2_s123,clip_hier_noisy,123,in_domain,0.2,aquatic_mammals,0,500,52.600002,68.000001
feature_clip_hier_in_domain_nf0.2_s123,clip_hier_noisy,123,in_domain,0.2,fish,1,500,67.799997,71.600002
feature_clip_hier_in_domain_nf0.2_s123,clip_hier_noisy,123,in_domain,0.2,flowers,2,500,79.000002,92.000002
feature_clip_hier_in_domain_nf0.2_s123,clip_hier_noisy,123,in_domain,0.2,food_containers,3,500,78.399998,87.199998
feature_clip_hier_in_domain_nf0.2_s123,clip_hier_noisy,123,in_domain,0.2,fruit_and_vegetables,4,500,81.999999,84.200001
feature_clip_hier_in_domain_nf0.2_s123,clip_hier_noisy,123,in_domain,0.2,household_electrical_devices,5,500,83.399999,80.000001
feature_clip_hier_in_domain_nf0.2_s123,clip_hier_noisy,123,in_domain,0.2,household_furniture,6,500,75.800002,86.000001
feature_clip_hier_in_domain_nf0.2_s123,clip_hier_noisy,123,in_domain,0.2,insects,7,500,75.000000,80.000001
feature_clip_hier_in_domain_nf0.2_s123,clip_hier_noisy,123,in_domain,0.2,large_carnivores,8,500,64.600003,67.600000
feature_clip_hier_in_domain_nf0.2_s123,clip_hier_noisy,123,in_domain,0.2,large_man_made_outdoor_things,9,500,87.599999,89.800000
feature_clip_hier_in_domain_nf0.2_s123,clip_hier_noisy,123,in_domain,0.2,large_natural_outdoor_scenes,10,500,83.399999,88.000000
feature_clip_hier_in_domain_nf0.2_s123,clip_hier_noisy,123,in_domain,0.2,large_omnivores_and_herbivores,11,500,73.400003,80.800003
feature_clip_hier_in_domain_nf0.2_s123,clip_hier_noisy,123,in_domain,0.2,medium_mammals,12,500,62.199998,58.600003
feature_clip_hier_in_domain_nf0.2_s123,clip_hier_noisy,123,in_domain,0.2,non_insect_invertebrates,13,500,68.199998,64.399999
feature_clip_hier_in_domain_nf0.2_s123,clip_hier_noisy,123,in_domain,0.2,people,14,500,74.599999,94.199997
feature_clip_hier_in_domain_nf0.2_s123,clip_hier_noisy,123,in_domain,0.2,reptiles,15,500,58.600003,53.799999
feature_clip_hier_in_domain_nf0.2_s123,clip_hier_noisy,123,in_domain,0.2,small_mammals,16,500,53.600001,62.000000
feature_clip_hier_in_domain_nf0.2_s123,clip_hier_noisy,123,in_domain,0.2,trees,17,500,66.799998,89.399999
feature_clip_hier_in_domain_nf0.2_s123,clip_hier_noisy,123,in_domain,0.2,vehicles_1,18,500,81.999999,85.000002
feature_clip_hier_in_domain_nf0.2_s123,clip_hier_noisy,123,in_domain,0.2,vehicles_2,19,500,85.600001,80.599999
feature_clip_hier_in_domain_nf0.3_s123,clip_hier_noisy,123,in_domain,0.3,aquatic_mammals,0,500,50.999999,69.199997
feature_clip_hier_in_domain_nf0.3_s123,clip_hier_noisy,123,in_domain,0.3,fish,1,500,65.600002,68.400002
feature_clip_hier_in_domain_nf0.3_s123,clip_hier_noisy,123,in_domain,0.3,flowers,2,500,77.399999,91.600001
feature_clip_hier_in_domain_nf0.3_s123,clip_hier_noisy,123,in_domain,0.3,food_containers,3,500,74.599999,84.799999
feature_clip_hier_in_domain_nf0.3_s123,clip_hier_noisy,123,in_domain,0.3,fruit_and_vegetables,4,500,81.400001,83.600003
feature_clip_hier_in_domain_nf0.3_s123,clip_hier_noisy,123,in_domain,0.3,household_electrical_devices,5,500,81.400001,79.799998
feature_clip_hier_in_domain_nf0.3_s123,clip_hier_noisy,123,in_domain,0.3,household_furniture,6,500,75.199997,85.600001
feature_clip_hier_in_domain_nf0.3_s123,clip_hier_noisy,123,in_domain,0.3,insects,7,500,75.599998,82.200003
feature_clip_hier_in_domain_nf0.3_s123,clip_hier_noisy,123,in_domain,0.3,large_carnivores,8,500,65.399998,68.599999
feature_clip_hier_in_domain_nf0.3_s123,clip_hier_noisy,123,in_domain,0.3,large_man_made_outdoor_things,9,500,88.200003,91.399997
feature_clip_hier_in_domain_nf0.3_s123,clip_hier_noisy,123,in_domain,0.3,large_natural_outdoor_scenes,10,500,81.800002,83.999997
feature_clip_hier_in_domain_nf0.3_s123,clip_hier_noisy,123,in_domain,0.3,large_omnivores_and_herbivores,11,500,72.000003,77.200001
feature_clip_hier_in_domain_nf0.3_s123,clip_hier_noisy,123,in_domain,0.3,medium_mammals,12,500,61.000001,54.000002
feature_clip_hier_in_domain_nf0.3_s123,clip_hier_noisy,123,in_domain,0.3,non_insect_invertebrates,13,500,64.800000,60.799998
feature_clip_hier_in_domain_nf0.3_s123,clip_hier_noisy,123,in_domain,0.3,people,14,500,75.199997,94.599998
feature_clip_hier_in_domain_nf0.3_s123,clip_hier_noisy,123,in_domain,0.3,reptiles,15,500,59.200001,53.399998
feature_clip_hier_in_domain_nf0.3_s123,clip_hier_noisy,123,in_domain,0.3,small_mammals,16,500,56.199998,66.399997
feature_clip_hier_in_domain_nf0.3_s123,clip_hier_noisy,123,in_domain,0.3,trees,17,500,67.000002,90.399998
feature_clip_hier_in_domain_nf0.3_s123,clip_hier_noisy,123,in_domain,0.3,vehicles_1,18,500,81.400001,85.000002
feature_clip_hier_in_domain_nf0.3_s123,clip_hier_noisy,123,in_domain,0.3,vehicles_2,19,500,82.999998,77.399999
feature_clip_hier_in_domain_nf0.5_s123,clip_hier_noisy,123,in_domain,0.5,aquatic_mammals,0,500,46.799999,56.999999
feature_clip_hier_in_domain_nf0.5_s123,clip_hier_noisy,123,in_domain,0.5,fish,1,500,67.199999,66.600001
feature_clip_hier_in_domain_nf0.5_s123,clip_hier_noisy,123,in_domain,0.5,flowers,2,500,78.600001,91.799998
feature_clip_hier_in_domain_nf0.5_s123,clip_hier_noisy,123,in_domain,0.5,food_containers,3,500,75.400001,83.600003
feature_clip_hier_in_domain_nf0.5_s123,clip_hier_noisy,123,in_domain,0.5,fruit_and_vegetables,4,500,80.000001,70.400000
feature_clip_hier_in_domain_nf0.5_s123,clip_hier_noisy,123,in_domain,0.5,household_electrical_devices,5,500,79.600000,58.800000
feature_clip_hier_in_domain_nf0.5_s123,clip_hier_noisy,123,in_domain,0.5,household_furniture,6,500,74.400002,86.799997
feature_clip_hier_in_domain_nf0.5_s123,clip_hier_noisy,123,in_domain,0.5,insects,7,500,73.600000,81.800002
feature_clip_hier_in_domain_nf0.5_s123,clip_hier_noisy,123,in_domain,0.5,large_carnivores,8,500,65.600002,70.400000
feature_clip_hier_in_domain_nf0.5_s123,clip_hier_noisy,123,in_domain,0.5,large_man_made_outdoor_things,9,500,85.399997,51.599997
feature_clip_hier_in_domain_nf0.5_s123,clip_hier_noisy,123,in_domain,0.5,large_natural_outdoor_scenes,10,500,81.800002,55.599999
feature_clip_hier_in_domain_nf0.5_s123,clip_hier_noisy,123,in_domain,0.5,large_omnivores_and_herbivores,11,500,73.000002,79.600000
feature_clip_hier_in_domain_nf0.5_s123,clip_hier_noisy,123,in_domain,0.5,medium_mammals,12,500,59.799999,42.399999
feature_clip_hier_in_domain_nf0.5_s123,clip_hier_noisy,123,in_domain,0.5,non_insect_invertebrates,13,500,65.799999,55.599999
feature_clip_hier_in_domain_nf0.5_s123,clip_hier_noisy,123,in_domain,0.5,people,14,500,75.400001,92.799997
feature_clip_hier_in_domain_nf0.5_s123,clip_hier_noisy,123,in_domain,0.5,reptiles,15,500,57.200003,61.799997
feature_clip_hier_in_domain_nf0.5_s123,clip_hier_noisy,123,in_domain,0.5,small_mammals,16,500,54.000002,67.199999
feature_clip_hier_in_domain_nf0.5_s123,clip_hier_noisy,123,in_domain,0.5,trees,17,500,66.000003,85.200000
feature_clip_hier_in_domain_nf0.5_s123,clip_hier_noisy,123,in_domain,0.5,vehicles_1,18,500,76.200002,42.399999
feature_clip_hier_in_domain_nf0.5_s123,clip_hier_noisy,123,in_domain,0.5,vehicles_2,19,500,81.599998,49.200001
feature_clip_hier_in_domain_nf0.7_s123,clip_hier_noisy,123,in_domain,0.7,aquatic_mammals,0,500,49.599999,58.800000
feature_clip_hier_in_domain_nf0.7_s123,clip_hier_noisy,123,in_domain,0.7,fish,1,500,65.799999,59.799999
feature_clip_hier_in_domain_nf0.7_s123,clip_hier_noisy,123,in_domain,0.7,flowers,2,500,75.800002,17.000000
feature_clip_hier_in_domain_nf0.7_s123,clip_hier_noisy,123,in_domain,0.7,food_containers,3,500,71.600002,13.400000
feature_clip_hier_in_domain_nf0.7_s123,clip_hier_noisy,123,in_domain,0.7,fruit_and_vegetables,4,500,77.399999,12.400000
feature_clip_hier_in_domain_nf0.7_s123,clip_hier_noisy,123,in_domain,0.7,household_electrical_devices,5,500,78.600001,27.800000
feature_clip_hier_in_domain_nf0.7_s123,clip_hier_noisy,123,in_domain,0.7,household_furniture,6,500,73.000002,28.600001
feature_clip_hier_in_domain_nf0.7_s123,clip_hier_noisy,123,in_domain,0.7,insects,7,500,72.000003,77.200001
feature_clip_hier_in_domain_nf0.7_s123,clip_hier_noisy,123,in_domain,0.7,large_carnivores,8,500,64.399999,64.600003
feature_clip_hier_in_domain_nf0.7_s123,clip_hier_noisy,123,in_domain,0.7,large_man_made_outdoor_things,9,500,84.600002,7.400000
feature_clip_hier_in_domain_nf0.7_s123,clip_hier_noisy,123,in_domain,0.7,large_natural_outdoor_scenes,10,500,75.400001,4.200000
feature_clip_hier_in_domain_nf0.7_s123,clip_hier_noisy,123,in_domain,0.7,large_omnivores_and_herbivores,11,500,70.400000,60.000002
feature_clip_hier_in_domain_nf0.7_s123,clip_hier_noisy,123,in_domain,0.7,medium_mammals,12,500,61.799997,50.599998
feature_clip_hier_in_domain_nf0.7_s123,clip_hier_noisy,123,in_domain,0.7,non_insect_invertebrates,13,500,63.999999,42.800000
feature_clip_hier_in_domain_nf0.7_s123,clip_hier_noisy,123,in_domain,0.7,people,14,500,74.599999,85.399997
feature_clip_hier_in_domain_nf0.7_s123,clip_hier_noisy,123,in_domain,0.7,reptiles,15,500,56.400001,56.999999
feature_clip_hier_in_domain_nf0.7_s123,clip_hier_noisy,123,in_domain,0.7,small_mammals,16,500,53.799999,68.199998
feature_clip_hier_in_domain_nf0.7_s123,clip_hier_noisy,123,in_domain,0.7,trees,17,500,64.800000,22.800000
feature_clip_hier_in_domain_nf0.7_s123,clip_hier_noisy,123,in_domain,0.7,vehicles_1,18,500,69.199997,9.800000
feature_clip_hier_in_domain_nf0.7_s123,clip_hier_noisy,123,in_domain,0.7,vehicles_2,19,500,76.200002,17.200001
feature_clip_hier_in_domain_nf1.0_s123,clip_hier_noisy,123,in_domain,1.0,aquatic_mammals,0,500,44.600001,0.800000
feature_clip_hier_in_domain_nf1.0_s123,clip_hier_noisy,123,in_domain,1.0,fish,1,500,64.399999,0.200000
feature_clip_hier_in_domain_nf1.0_s123,clip_hier_noisy,123,in_domain,1.0,flowers,2,500,71.799999,0.600000
feature_clip_hier_in_domain_nf1.0_s123,clip_hier_noisy,123,in_domain,1.0,food_containers,3,500,69.000000,0.600000
feature_clip_hier_in_domain_nf1.0_s123,clip_hier_noisy,123,in_domain,1.0,fruit_and_vegetables,4,500,71.399999,0.800000
feature_clip_hier_in_domain_nf1.0_s123,clip_hier_noisy,123,in_domain,1.0,household_electrical_devices,5,500,74.800003,4.000000
feature_clip_hier_in_domain_nf1.0_s123,clip_hier_noisy,123,in_domain,1.0,household_furniture,6,500,64.200002,1.400000
feature_clip_hier_in_domain_nf1.0_s123,clip_hier_noisy,123,in_domain,1.0,insects,7,500,69.000000,0.200000
feature_clip_hier_in_domain_nf1.0_s123,clip_hier_noisy,123,in_domain,1.0,large_carnivores,8,500,65.399998,2.800000
feature_clip_hier_in_domain_nf1.0_s123,clip_hier_noisy,123,in_domain,1.0,large_man_made_outdoor_things,9,500,74.599999,3.400000
feature_clip_hier_in_domain_nf1.0_s123,clip_hier_noisy,123,in_domain,1.0,large_natural_outdoor_scenes,10,500,63.400000,2.000000
feature_clip_hier_in_domain_nf1.0_s123,clip_hier_noisy,123,in_domain,1.0,large_omnivores_and_herbivores,11,500,67.799997,0.000000
feature_clip_hier_in_domain_nf1.0_s123,clip_hier_noisy,123,in_domain,1.0,medium_mammals,12,500,59.200001,0.000000
feature_clip_hier_in_domain_nf1.0_s123,clip_hier_noisy,123,in_domain,1.0,non_insect_invertebrates,13,500,63.599998,0.600000
feature_clip_hier_in_domain_nf1.0_s123,clip_hier_noisy,123,in_domain,1.0,people,14,500,74.000001,0.000000
feature_clip_hier_in_domain_nf1.0_s123,clip_hier_noisy,123,in_domain,1.0,reptiles,15,500,52.800000,0.000000
feature_clip_hier_in_domain_nf1.0_s123,clip_hier_noisy,123,in_domain,1.0,small_mammals,16,500,55.400002,0.200000
feature_clip_hier_in_domain_nf1.0_s123,clip_hier_noisy,123,in_domain,1.0,trees,17,500,60.799998,0.200000
feature_clip_hier_in_domain_nf1.0_s123,clip_hier_noisy,123,in_domain,1.0,vehicles_1,18,500,53.200001,9.200000
feature_clip_hier_in_domain_nf1.0_s123,clip_hier_noisy,123,in_domain,1.0,vehicles_2,19,500,63.000000,7.600000
feature_clip_hier_cyclic_nf0.05_s123,clip_hier_noisy,123,cyclic,0.05,aquatic_mammals,0,500,48.400000,61.199999
feature_clip_hier_cyclic_nf0.05_s123,clip_hier_noisy,123,cyclic,0.05,fish,1,500,67.199999,71.399999
feature_clip_hier_cyclic_nf0.05_s123,clip_hier_noisy,123,cyclic,0.05,flowers,2,500,79.600000,92.000002
feature_clip_hier_cyclic_nf0.05_s123,clip_hier_noisy,123,cyclic,0.05,food_containers,3,500,77.399999,89.600003
feature_clip_hier_cyclic_nf0.05_s123,clip_hier_noisy,123,cyclic,0.05,fruit_and_vegetables,4,500,83.800000,84.600002
feature_clip_hier_cyclic_nf0.05_s123,clip_hier_noisy,123,cyclic,0.05,household_electrical_devices,5,500,84.200001,82.400000
feature_clip_hier_cyclic_nf0.05_s123,clip_hier_noisy,123,cyclic,0.05,household_furniture,6,500,77.399999,86.000001
feature_clip_hier_cyclic_nf0.05_s123,clip_hier_noisy,123,cyclic,0.05,insects,7,500,76.400000,82.599998
feature_clip_hier_cyclic_nf0.05_s123,clip_hier_noisy,123,cyclic,0.05,large_carnivores,8,500,66.000003,70.599997
feature_clip_hier_cyclic_nf0.05_s123,clip_hier_noisy,123,cyclic,0.05,large_man_made_outdoor_things,9,500,88.999999,91.000003
feature_clip_hier_cyclic_nf0.05_s123,clip_hier_noisy,123,cyclic,0.05,large_natural_outdoor_scenes,10,500,83.399999,88.200003
feature_clip_hier_cyclic_nf0.05_s123,clip_hier_noisy,123,cyclic,0.05,large_omnivores_and_herbivores,11,500,73.400003,79.200000
feature_clip_hier_cyclic_nf0.05_s123,clip_hier_noisy,123,cyclic,0.05,medium_mammals,12,500,64.600003,65.399998
feature_clip_hier_cyclic_nf0.05_s123,clip_hier_noisy,123,cyclic,0.05,non_insect_invertebrates,13,500,67.799997,64.200002
feature_clip_hier_cyclic_nf0.05_s123,clip_hier_noisy,123,cyclic,0.05,people,14,500,75.599998,93.400002
feature_clip_hier_cyclic_nf0.05_s123,clip_hier_noisy,123,cyclic,0.05,reptiles,15,500,54.400003,51.599997
feature_clip_hier_cyclic_nf0.05_s123,clip_hier_noisy,123,cyclic,0.05,small_mammals,16,500,53.399998,61.600000
feature_clip_hier_cyclic_nf0.05_s123,clip_hier_noisy,123,cyclic,0.05,trees,17,500,68.400002,93.199998
feature_clip_hier_cyclic_nf0.05_s123,clip_hier_noisy,123,cyclic,0.05,vehicles_1,18,500,83.399999,85.600001
feature_clip_hier_cyclic_nf0.05_s123,clip_hier_noisy,123,cyclic,0.05,vehicles_2,19,500,85.000002,80.400002
feature_clip_hier_cyclic_nf0.1_s123,clip_hier_noisy,123,cyclic,0.1,aquatic_mammals,0,500,49.000001,61.600000
feature_clip_hier_cyclic_nf0.1_s123,clip_hier_noisy,123,cyclic,0.1,fish,1,500,65.799999,70.200002
feature_clip_hier_cyclic_nf0.1_s123,clip_hier_noisy,123,cyclic,0.1,flowers,2,500,78.399998,90.399998
feature_clip_hier_cyclic_nf0.1_s123,clip_hier_noisy,123,cyclic,0.1,food_containers,3,500,76.999998,88.400000
feature_clip_hier_cyclic_nf0.1_s123,clip_hier_noisy,123,cyclic,0.1,fruit_and_vegetables,4,500,83.800000,84.600002
feature_clip_hier_cyclic_nf0.1_s123,clip_hier_noisy,123,cyclic,0.1,household_electrical_devices,5,500,82.800001,77.200001
feature_clip_hier_cyclic_nf0.1_s123,clip_hier_noisy,123,cyclic,0.1,household_furniture,6,500,76.999998,86.000001
feature_clip_hier_cyclic_nf0.1_s123,clip_hier_noisy,123,cyclic,0.1,insects,7,500,76.200002,79.200000
feature_clip_hier_cyclic_nf0.1_s123,clip_hier_noisy,123,cyclic,0.1,large_carnivores,8,500,64.399999,67.000002
feature_clip_hier_cyclic_nf0.1_s123,clip_hier_noisy,123,cyclic,0.1,large_man_made_outdoor_things,9,500,88.400000,87.800002
feature_clip_hier_cyclic_nf0.1_s123,clip_hier_noisy,123,cyclic,0.1,large_natural_outdoor_scenes,10,500,84.399998,88.400000
feature_clip_hier_cyclic_nf0.1_s123,clip_hier_noisy,123,cyclic,0.1,large_omnivores_and_herbivores,11,500,74.000001,80.400002
feature_clip_hier_cyclic_nf0.1_s123,clip_hier_noisy,123,cyclic,0.1,medium_mammals,12,500,65.200001,61.199999
feature_clip_hier_cyclic_nf0.1_s123,clip_hier_noisy,123,cyclic,0.1,non_insect_invertebrates,13,500,66.399997,62.400001
feature_clip_hier_cyclic_nf0.1_s123,clip_hier_noisy,123,cyclic,0.1,people,14,500,75.199997,93.800002
feature_clip_hier_cyclic_nf0.1_s123,clip_hier_noisy,123,cyclic,0.1,reptiles,15,500,55.800003,56.000000
feature_clip_hier_cyclic_nf0.1_s123,clip_hier_noisy,123,cyclic,0.1,small_mammals,16,500,53.200001,59.399998
feature_clip_hier_cyclic_nf0.1_s123,clip_hier_noisy,123,cyclic,0.1,trees,17,500,67.400002,91.000003
feature_clip_hier_cyclic_nf0.1_s123,clip_hier_noisy,123,cyclic,0.1,vehicles_1,18,500,84.399998,85.600001
feature_clip_hier_cyclic_nf0.1_s123,clip_hier_noisy,123,cyclic,0.1,vehicles_2,19,500,84.600002,80.000001
feature_clip_hier_cyclic_nf0.2_s123,clip_hier_noisy,123,cyclic,0.2,aquatic_mammals,0,500,47.999999,56.199998
feature_clip_hier_cyclic_nf0.2_s123,clip_hier_noisy,123,cyclic,0.2,fish,1,500,66.600001,69.599998
feature_clip_hier_cyclic_nf0.2_s123,clip_hier_noisy,123,cyclic,0.2,flowers,2,500,79.000002,90.600002
feature_clip_hier_cyclic_nf0.2_s123,clip_hier_noisy,123,cyclic,0.2,food_containers,3,500,76.800001,84.600002
feature_clip_hier_cyclic_nf0.2_s123,clip_hier_noisy,123,cyclic,0.2,fruit_and_vegetables,4,500,83.999997,82.999998
feature_clip_hier_cyclic_nf0.2_s123,clip_hier_noisy,123,cyclic,0.2,household_electrical_devices,5,500,82.200003,75.800002
feature_clip_hier_cyclic_nf0.2_s123,clip_hier_noisy,123,cyclic,0.2,household_furniture,6,500,75.999999,82.200003
feature_clip_hier_cyclic_nf0.2_s123,clip_hier_noisy,123,cyclic,0.2,insects,7,500,75.400001,70.200002
feature_clip_hier_cyclic_nf0.2_s123,clip_hier_noisy,123,cyclic,0.2,large_carnivores,8,500,65.399998,64.800000
feature_clip_hier_cyclic_nf0.2_s123,clip_hier_noisy,123,cyclic,0.2,large_man_made_outdoor_things,9,500,88.000000,85.200000
feature_clip_hier_cyclic_nf0.2_s123,clip_hier_noisy,123,cyclic,0.2,large_natural_outdoor_scenes,10,500,81.000000,81.000000
feature_clip_hier_cyclic_nf0.2_s123,clip_hier_noisy,123,cyclic,0.2,large_omnivores_and_herbivores,11,500,72.200000,76.599997
feature_clip_hier_cyclic_nf0.2_s123,clip_hier_noisy,123,cyclic,0.2,medium_mammals,12,500,62.599999,59.200001
feature_clip_hier_cyclic_nf0.2_s123,clip_hier_noisy,123,cyclic,0.2,non_insect_invertebrates,13,500,65.799999,59.200001
feature_clip_hier_cyclic_nf0.2_s123,clip_hier_noisy,123,cyclic,0.2,people,14,500,73.199999,92.600000
feature_clip_hier_cyclic_nf0.2_s123,clip_hier_noisy,123,cyclic,0.2,reptiles,15,500,52.999997,51.400000
feature_clip_hier_cyclic_nf0.2_s123,clip_hier_noisy,123,cyclic,0.2,small_mammals,16,500,56.199998,65.799999
feature_clip_hier_cyclic_nf0.2_s123,clip_hier_noisy,123,cyclic,0.2,trees,17,500,68.800002,92.400002
feature_clip_hier_cyclic_nf0.2_s123,clip_hier_noisy,123,cyclic,0.2,vehicles_1,18,500,81.599998,79.400003
feature_clip_hier_cyclic_nf0.2_s123,clip_hier_noisy,123,cyclic,0.2,vehicles_2,19,500,84.200001,78.200001
feature_clip_hier_cyclic_nf0.3_s123,clip_hier_noisy,123,cyclic,0.3,aquatic_mammals,0,500,48.199999,48.400000
feature_clip_hier_cyclic_nf0.3_s123,clip_hier_noisy,123,cyclic,0.3,fish,1,500,66.399997,63.400000
feature_clip_hier_cyclic_nf0.3_s123,clip_hier_noisy,123,cyclic,0.3,flowers,2,500,76.599997,77.600002
feature_clip_hier_cyclic_nf0.3_s123,clip_hier_noisy,123,cyclic,0.3,food_containers,3,500,75.599998,80.400002
feature_clip_hier_cyclic_nf0.3_s123,clip_hier_noisy,123,cyclic,0.3,fruit_and_vegetables,4,500,82.200003,68.199998
feature_clip_hier_cyclic_nf0.3_s123,clip_hier_noisy,123,cyclic,0.3,household_electrical_devices,5,500,80.800003,70.599997
feature_clip_hier_cyclic_nf0.3_s123,clip_hier_noisy,123,cyclic,0.3,household_furniture,6,500,74.800003,78.600001
feature_clip_hier_cyclic_nf0.3_s123,clip_hier_noisy,123,cyclic,0.3,insects,7,500,72.399998,67.799997
feature_clip_hier_cyclic_nf0.3_s123,clip_hier_noisy,123,cyclic,0.3,large_carnivores,8,500,63.599998,54.400003
feature_clip_hier_cyclic_nf0.3_s123,clip_hier_noisy,123,cyclic,0.3,large_man_made_outdoor_things,9,500,87.400001,77.600002
feature_clip_hier_cyclic_nf0.3_s123,clip_hier_noisy,123,cyclic,0.3,large_natural_outdoor_scenes,10,500,76.599997,68.599999
feature_clip_hier_cyclic_nf0.3_s123,clip_hier_noisy,123,cyclic,0.3,large_omnivores_and_herbivores,11,500,72.399998,70.200002
feature_clip_hier_cyclic_nf0.3_s123,clip_hier_noisy,123,cyclic,0.3,medium_mammals,12,500,61.000001,55.800003
feature_clip_hier_cyclic_nf0.3_s123,clip_hier_noisy,123,cyclic,0.3,non_insect_invertebrates,13,500,65.200001,54.799998
feature_clip_hier_cyclic_nf0.3_s123,clip_hier_noisy,123,cyclic,0.3,people,14,500,70.400000,84.600002
feature_clip_hier_cyclic_nf0.3_s123,clip_hier_noisy,123,cyclic,0.3,reptiles,15,500,54.400003,47.600001
feature_clip_hier_cyclic_nf0.3_s123,clip_hier_noisy,123,cyclic,0.3,small_mammals,16,500,55.000001,64.999998
feature_clip_hier_cyclic_nf0.3_s123,clip_hier_noisy,123,cyclic,0.3,trees,17,500,68.599999,88.200003
feature_clip_hier_cyclic_nf0.3_s123,clip_hier_noisy,123,cyclic,0.3,vehicles_1,18,500,81.199998,77.999997
feature_clip_hier_cyclic_nf0.3_s123,clip_hier_noisy,123,cyclic,0.3,vehicles_2,19,500,83.999997,68.599999
feature_clip_hier_cyclic_nf0.5_s123,clip_hier_noisy,123,cyclic,0.5,aquatic_mammals,0,500,40.599999,18.000001
feature_clip_hier_cyclic_nf0.5_s123,clip_hier_noisy,123,cyclic,0.5,fish,1,500,64.399999,40.799999
feature_clip_hier_cyclic_nf0.5_s123,clip_hier_noisy,123,cyclic,0.5,flowers,2,500,74.000001,35.200000
feature_clip_hier_cyclic_nf0.5_s123,clip_hier_noisy,123,cyclic,0.5,food_containers,3,500,75.000000,46.200001
feature_clip_hier_cyclic_nf0.5_s123,clip_hier_noisy,123,cyclic,0.5,fruit_and_vegetables,4,500,78.399998,31.200001
feature_clip_hier_cyclic_nf0.5_s123,clip_hier_noisy,123,cyclic,0.5,household_electrical_devices,5,500,80.000001,47.799999
feature_clip_hier_cyclic_nf0.5_s123,clip_hier_noisy,123,cyclic,0.5,household_furniture,6,500,67.400002,39.600000
feature_clip_hier_cyclic_nf0.5_s123,clip_hier_noisy,123,cyclic,0.5,insects,7,500,66.799998,36.199999
feature_clip_hier_cyclic_nf0.5_s123,clip_hier_noisy,123,cyclic,0.5,large_carnivores,8,500,62.599999,50.599998
feature_clip_hier_cyclic_nf0.5_s123,clip_hier_noisy,123,cyclic,0.5,large_man_made_outdoor_things,9,500,81.800002,28.400001
feature_clip_hier_cyclic_nf0.5_s123,clip_hier_noisy,123,cyclic,0.5,large_natural_outdoor_scenes,10,500,74.199998,44.200000
feature_clip_hier_cyclic_nf0.5_s123,clip_hier_noisy,123,cyclic,0.5,large_omnivores_and_herbivores,11,500,68.000001,28.000000
feature_clip_hier_cyclic_nf0.5_s123,clip_hier_noisy,123,cyclic,0.5,medium_mammals,12,500,58.800000,43.000001
feature_clip_hier_cyclic_nf0.5_s123,clip_hier_noisy,123,cyclic,0.5,non_insect_invertebrates,13,500,65.799999,35.800001
feature_clip_hier_cyclic_nf0.5_s123,clip_hier_noisy,123,cyclic,0.5,people,14,500,62.199998,48.800001
feature_clip_hier_cyclic_nf0.5_s123,clip_hier_noisy,123,cyclic,0.5,reptiles,15,500,55.599999,29.800001
feature_clip_hier_cyclic_nf0.5_s123,clip_hier_noisy,123,cyclic,0.5,small_mammals,16,500,49.200001,36.000001
feature_clip_hier_cyclic_nf0.5_s123,clip_hier_noisy,123,cyclic,0.5,trees,17,500,53.399998,26.600000
feature_clip_hier_cyclic_nf0.5_s123,clip_hier_noisy,123,cyclic,0.5,vehicles_1,18,500,80.599999,68.800002
feature_clip_hier_cyclic_nf0.5_s123,clip_hier_noisy,123,cyclic,0.5,vehicles_2,19,500,82.999998,38.000000
feature_clip_hier_cyclic_nf0.7_s123,clip_hier_noisy,123,cyclic,0.7,aquatic_mammals,0,500,36.000001,3.600000
feature_clip_hier_cyclic_nf0.7_s123,clip_hier_noisy,123,cyclic,0.7,fish,1,500,59.399998,13.400000
feature_clip_hier_cyclic_nf0.7_s123,clip_hier_noisy,123,cyclic,0.7,flowers,2,500,63.999999,7.200000
feature_clip_hier_cyclic_nf0.7_s123,clip_hier_noisy,123,cyclic,0.7,food_containers,3,500,73.199999,10.800000
feature_clip_hier_cyclic_nf0.7_s123,clip_hier_noisy,123,cyclic,0.7,fruit_and_vegetables,4,500,72.600001,9.400000
feature_clip_hier_cyclic_nf0.7_s123,clip_hier_noisy,123,cyclic,0.7,household_electrical_devices,5,500,77.800000,11.000000
feature_clip_hier_cyclic_nf0.7_s123,clip_hier_noisy,123,cyclic,0.7,household_furniture,6,500,64.399999,17.200001
feature_clip_hier_cyclic_nf0.7_s123,clip_hier_noisy,123,cyclic,0.7,insects,7,500,61.000001,4.600000
feature_clip_hier_cyclic_nf0.7_s123,clip_hier_noisy,123,cyclic,0.7,large_carnivores,8,500,58.399999,13.400000
feature_clip_hier_cyclic_nf0.7_s123,clip_hier_noisy,123,cyclic,0.7,large_man_made_outdoor_things,9,500,78.399998,7.000000
feature_clip_hier_cyclic_nf0.7_s123,clip_hier_noisy,123,cyclic,0.7,large_natural_outdoor_scenes,10,500,64.600003,17.800000
feature_clip_hier_cyclic_nf0.7_s123,clip_hier_noisy,123,cyclic,0.7,large_omnivores_and_herbivores,11,500,62.599999,5.800000
feature_clip_hier_cyclic_nf0.7_s123,clip_hier_noisy,123,cyclic,0.7,medium_mammals,12,500,54.200000,15.200000
feature_clip_hier_cyclic_nf0.7_s123,clip_hier_noisy,123,cyclic,0.7,non_insect_invertebrates,13,500,60.000002,9.200000
feature_clip_hier_cyclic_nf0.7_s123,clip_hier_noisy,123,cyclic,0.7,people,14,500,60.600001,16.000000
feature_clip_hier_cyclic_nf0.7_s123,clip_hier_noisy,123,cyclic,0.7,reptiles,15,500,52.200001,3.000000
feature_clip_hier_cyclic_nf0.7_s123,clip_hier_noisy,123,cyclic,0.7,small_mammals,16,500,45.600000,19.599999
feature_clip_hier_cyclic_nf0.7_s123,clip_hier_noisy,123,cyclic,0.7,trees,17,500,49.800000,4.600000
feature_clip_hier_cyclic_nf0.7_s123,clip_hier_noisy,123,cyclic,0.7,vehicles_1,18,500,76.400000,8.800000
feature_clip_hier_cyclic_nf0.7_s123,clip_hier_noisy,123,cyclic,0.7,vehicles_2,19,500,80.599999,29.200000
feature_clip_hier_cyclic_nf1.0_s123,clip_hier_noisy,123,cyclic,1.0,aquatic_mammals,0,500,35.400000,0.000000
feature_clip_hier_cyclic_nf1.0_s123,clip_hier_noisy,123,cyclic,1.0,fish,1,500,46.599999,7.000000
feature_clip_hier_cyclic_nf1.0_s123,clip_hier_noisy,123,cyclic,1.0,flowers,2,500,45.600000,0.600000
feature_clip_hier_cyclic_nf1.0_s123,clip_hier_noisy,123,cyclic,1.0,food_containers,3,500,63.800001,0.800000
feature_clip_hier_cyclic_nf1.0_s123,clip_hier_noisy,123,cyclic,1.0,fruit_and_vegetables,4,500,62.800002,1.600000
feature_clip_hier_cyclic_nf1.0_s123,clip_hier_noisy,123,cyclic,1.0,household_electrical_devices,5,500,60.000002,1.000000
feature_clip_hier_cyclic_nf1.0_s123,clip_hier_noisy,123,cyclic,1.0,household_furniture,6,500,48.600000,4.400000
feature_clip_hier_cyclic_nf1.0_s123,clip_hier_noisy,123,cyclic,1.0,insects,7,500,41.600001,0.000000
feature_clip_hier_cyclic_nf1.0_s123,clip_hier_noisy,123,cyclic,1.0,large_carnivores,8,500,48.400000,0.600000
feature_clip_hier_cyclic_nf1.0_s123,clip_hier_noisy,123,cyclic,1.0,large_man_made_outdoor_things,9,500,67.000002,0.200000
feature_clip_hier_cyclic_nf1.0_s123,clip_hier_noisy,123,cyclic,1.0,large_natural_outdoor_scenes,10,500,43.200001,1.600000
feature_clip_hier_cyclic_nf1.0_s123,clip_hier_noisy,123,cyclic,1.0,large_omnivores_and_herbivores,11,500,50.800002,0.600000
feature_clip_hier_cyclic_nf1.0_s123,clip_hier_noisy,123,cyclic,1.0,medium_mammals,12,500,42.600000,4.000000
feature_clip_hier_cyclic_nf1.0_s123,clip_hier_noisy,123,cyclic,1.0,non_insect_invertebrates,13,500,43.799999,1.400000
feature_clip_hier_cyclic_nf1.0_s123,clip_hier_noisy,123,cyclic,1.0,people,14,500,45.800000,1.000000
feature_clip_hier_cyclic_nf1.0_s123,clip_hier_noisy,123,cyclic,1.0,reptiles,15,500,37.599999,0.000000
feature_clip_hier_cyclic_nf1.0_s123,clip_hier_noisy,123,cyclic,1.0,small_mammals,16,500,33.000001,3.200000
feature_clip_hier_cyclic_nf1.0_s123,clip_hier_noisy,123,cyclic,1.0,trees,17,500,38.800001,0.400000
feature_clip_hier_cyclic_nf1.0_s123,clip_hier_noisy,123,cyclic,1.0,vehicles_1,18,500,66.200000,0.200000
feature_clip_hier_cyclic_nf1.0_s123,clip_hier_noisy,123,cyclic,1.0,vehicles_2,19,500,59.200001,9.200000
feature_clip_flat_s456,clip_flat,456,none,0.0,aquatic_mammals,0,500,54.200000,74.000001
feature_clip_flat_s456,clip_flat,456,none,0.0,fish,1,500,68.800002,77.399999
feature_clip_flat_s456,clip_flat,456,none,0.0,flowers,2,500,80.400002,93.400002
feature_clip_flat_s456,clip_flat,456,none,0.0,food_containers,3,500,76.200002,87.199998
feature_clip_flat_s456,clip_flat,456,none,0.0,fruit_and_vegetables,4,500,81.999999,90.200001
feature_clip_flat_s456,clip_flat,456,none,0.0,household_electrical_devices,5,500,83.399999,86.600000
feature_clip_flat_s456,clip_flat,456,none,0.0,household_furniture,6,500,79.200000,92.199999
feature_clip_flat_s456,clip_flat,456,none,0.0,insects,7,500,75.800002,84.200001
feature_clip_flat_s456,clip_flat,456,none,0.0,large_carnivores,8,500,67.199999,73.000002
feature_clip_flat_s456,clip_flat,456,none,0.0,large_man_made_outdoor_things,9,500,88.800001,93.199998
feature_clip_flat_s456,clip_flat,456,none,0.0,large_natural_outdoor_scenes,10,500,81.800002,88.599998
feature_clip_flat_s456,clip_flat,456,none,0.0,large_omnivores_and_herbivores,11,500,70.400000,76.599997
feature_clip_flat_s456,clip_flat,456,none,0.0,medium_mammals,12,500,61.000001,64.800000
feature_clip_flat_s456,clip_flat,456,none,0.0,non_insect_invertebrates,13,500,70.599997,78.399998
feature_clip_flat_s456,clip_flat,456,none,0.0,people,14,500,75.599998,95.800000
feature_clip_flat_s456,clip_flat,456,none,0.0,reptiles,15,500,62.000000,73.000002
feature_clip_flat_s456,clip_flat,456,none,0.0,small_mammals,16,500,55.400002,67.600000
feature_clip_flat_s456,clip_flat,456,none,0.0,trees,17,500,67.000002,92.799997
feature_clip_flat_s456,clip_flat,456,none,0.0,vehicles_1,18,500,86.400002,91.000003
feature_clip_flat_s456,clip_flat,456,none,0.0,vehicles_2,19,500,82.400000,85.000002
feature_clip_hier_clean_s456,clip_hier_clean,456,none,0.0,aquatic_mammals,0,500,54.200000,71.200001
feature_clip_hier_clean_s456,clip_hier_clean,456,none,0.0,fish,1,500,71.200001,77.200001
feature_clip_hier_clean_s456,clip_hier_clean,456,none,0.0,flowers,2,500,79.600000,91.799998
feature_clip_hier_clean_s456,clip_hier_clean,456,none,0.0,food_containers,3,500,75.599998,82.599998
feature_clip_hier_clean_s456,clip_hier_clean,456,none,0.0,fruit_and_vegetables,4,500,81.800002,87.199998
feature_clip_hier_clean_s456,clip_hier_clean,456,none,0.0,household_electrical_devices,5,500,84.399998,85.000002
feature_clip_hier_clean_s456,clip_hier_clean,456,none,0.0,household_furniture,6,500,77.200001,86.799997
feature_clip_hier_clean_s456,clip_hier_clean,456,none,0.0,insects,7,500,76.200002,82.200003
feature_clip_hier_clean_s456,clip_hier_clean,456,none,0.0,large_carnivores,8,500,69.400001,73.000002
feature_clip_hier_clean_s456,clip_hier_clean,456,none,0.0,large_man_made_outdoor_things,9,500,89.399999,90.399998
feature_clip_hier_clean_s456,clip_hier_clean,456,none,0.0,large_natural_outdoor_scenes,10,500,82.999998,87.800002
feature_clip_hier_clean_s456,clip_hier_clean,456,none,0.0,large_omnivores_and_herbivores,11,500,69.599998,72.000003
feature_clip_hier_clean_s456,clip_hier_clean,456,none,0.0,medium_mammals,12,500,62.800002,55.800003
feature_clip_hier_clean_s456,clip_hier_clean,456,none,0.0,non_insect_invertebrates,13,500,69.000000,64.399999
feature_clip_hier_clean_s456,clip_hier_clean,456,none,0.0,people,14,500,75.400001,95.200002
feature_clip_hier_clean_s456,clip_hier_clean,456,none,0.0,reptiles,15,500,58.999997,58.999997
feature_clip_hier_clean_s456,clip_hier_clean,456,none,0.0,small_mammals,16,500,54.600000,63.400000
feature_clip_hier_clean_s456,clip_hier_clean,456,none,0.0,trees,17,500,67.000002,91.000003
feature_clip_hier_clean_s456,clip_hier_clean,456,none,0.0,vehicles_1,18,500,85.600001,85.799998
feature_clip_hier_clean_s456,clip_hier_clean,456,none,0.0,vehicles_2,19,500,83.600003,82.400000
feature_clip_hier_uniform_nf0.05_s456,clip_hier_noisy,456,uniform,0.05,aquatic_mammals,0,500,51.800001,70.599997
feature_clip_hier_uniform_nf0.05_s456,clip_hier_noisy,456,uniform,0.05,fish,1,500,71.399999,77.399999
feature_clip_hier_uniform_nf0.05_s456,clip_hier_noisy,456,uniform,0.05,flowers,2,500,78.200001,91.200000
feature_clip_hier_uniform_nf0.05_s456,clip_hier_noisy,456,uniform,0.05,food_containers,3,500,75.599998,83.200002
feature_clip_hier_uniform_nf0.05_s456,clip_hier_noisy,456,uniform,0.05,fruit_and_vegetables,4,500,82.200003,88.200003
feature_clip_hier_uniform_nf0.05_s456,clip_hier_noisy,456,uniform,0.05,household_electrical_devices,5,500,84.399998,83.399999
feature_clip_hier_uniform_nf0.05_s456,clip_hier_noisy,456,uniform,0.05,household_furniture,6,500,77.800000,86.600000
feature_clip_hier_uniform_nf0.05_s456,clip_hier_noisy,456,uniform,0.05,insects,7,500,76.999998,82.599998
feature_clip_hier_uniform_nf0.05_s456,clip_hier_noisy,456,uniform,0.05,large_carnivores,8,500,69.599998,73.799998
feature_clip_hier_uniform_nf0.05_s456,clip_hier_noisy,456,uniform,0.05,large_man_made_outdoor_things,9,500,88.400000,91.200000
feature_clip_hier_uniform_nf0.05_s456,clip_hier_noisy,456,uniform,0.05,large_natural_outdoor_scenes,10,500,83.800000,87.199998
feature_clip_hier_uniform_nf0.05_s456,clip_hier_noisy,456,uniform,0.05,large_omnivores_and_herbivores,11,500,70.800000,73.199999
feature_clip_hier_uniform_nf0.05_s456,clip_hier_noisy,456,uniform,0.05,medium_mammals,12,500,58.999997,52.200001
feature_clip_hier_uniform_nf0.05_s456,clip_hier_noisy,456,uniform,0.05,non_insect_invertebrates,13,500,68.400002,64.200002
feature_clip_hier_uniform_nf0.05_s456,clip_hier_noisy,456,uniform,0.05,people,14,500,75.599998,94.800001
feature_clip_hier_uniform_nf0.05_s456,clip_hier_noisy,456,uniform,0.05,reptiles,15,500,60.399997,59.600002
feature_clip_hier_uniform_nf0.05_s456,clip_hier_noisy,456,uniform,0.05,small_mammals,16,500,55.599999,64.999998
feature_clip_hier_uniform_nf0.05_s456,clip_hier_noisy,456,uniform,0.05,trees,17,500,68.000001,90.799999
feature_clip_hier_uniform_nf0.05_s456,clip_hier_noisy,456,uniform,0.05,vehicles_1,18,500,85.399997,85.799998
feature_clip_hier_uniform_nf0.05_s456,clip_hier_noisy,456,uniform,0.05,vehicles_2,19,500,84.799999,80.800003
feature_clip_hier_uniform_nf0.1_s456,clip_hier_noisy,456,uniform,0.1,aquatic_mammals,0,500,50.400001,69.000000
feature_clip_hier_uniform_nf0.1_s456,clip_hier_noisy,456,uniform,0.1,fish,1,500,71.799999,75.800002
feature_clip_hier_uniform_nf0.1_s456,clip_hier_noisy,456,uniform,0.1,flowers,2,500,79.200000,91.600001
feature_clip_hier_uniform_nf0.1_s456,clip_hier_noisy,456,uniform,0.1,food_containers,3,500,75.599998,82.599998
feature_clip_hier_uniform_nf0.1_s456,clip_hier_noisy,456,uniform,0.1,fruit_and_vegetables,4,500,81.199998,88.000000
feature_clip_hier_uniform_nf0.1_s456,clip_hier_noisy,456,uniform,0.1,household_electrical_devices,5,500,83.800000,84.399998
feature_clip_hier_uniform_nf0.1_s456,clip_hier_noisy,456,uniform,0.1,household_furniture,6,500,78.600001,88.000000
feature_clip_hier_uniform_nf0.1_s456,clip_hier_noisy,456,uniform,0.1,insects,7,500,75.400001,82.400000
feature_clip_hier_uniform_nf0.1_s456,clip_hier_noisy,456,uniform,0.1,large_carnivores,8,500,69.400001,73.199999
feature_clip_hier_uniform_nf0.1_s456,clip_hier_noisy,456,uniform,0.1,large_man_made_outdoor_things,9,500,87.199998,90.799999
feature_clip_hier_uniform_nf0.1_s456,clip_hier_noisy,456,uniform,0.1,large_natural_outdoor_scenes,10,500,83.399999,87.000000
feature_clip_hier_uniform_nf0.1_s456,clip_hier_noisy,456,uniform,0.1,large_omnivores_and_herbivores,11,500,69.800001,73.799998
feature_clip_hier_uniform_nf0.1_s456,clip_hier_noisy,456,uniform,0.1,medium_mammals,12,500,61.199999,54.600000
feature_clip_hier_uniform_nf0.1_s456,clip_hier_noisy,456,uniform,0.1,non_insect_invertebrates,13,500,68.199998,61.199999
feature_clip_hier_uniform_nf0.1_s456,clip_hier_noisy,456,uniform,0.1,people,14,500,74.400002,94.199997
feature_clip_hier_uniform_nf0.1_s456,clip_hier_noisy,456,uniform,0.1,reptiles,15,500,59.799999,62.199998
feature_clip_hier_uniform_nf0.1_s456,clip_hier_noisy,456,uniform,0.1,small_mammals,16,500,56.000000,65.799999
feature_clip_hier_uniform_nf0.1_s456,clip_hier_noisy,456,uniform,0.1,trees,17,500,65.600002,91.600001
feature_clip_hier_uniform_nf0.1_s456,clip_hier_noisy,456,uniform,0.1,vehicles_1,18,500,85.200000,88.200003
feature_clip_hier_uniform_nf0.1_s456,clip_hier_noisy,456,uniform,0.1,vehicles_2,19,500,83.800000,79.200000
feature_clip_hier_uniform_nf0.2_s456,clip_hier_noisy,456,uniform,0.2,aquatic_mammals,0,500,49.000001,68.000001
feature_clip_hier_uniform_nf0.2_s456,clip_hier_noisy,456,uniform,0.2,fish,1,500,69.599998,70.599997
feature_clip_hier_uniform_nf0.2_s456,clip_hier_noisy,456,uniform,0.2,flowers,2,500,79.200000,91.399997
feature_clip_hier_uniform_nf0.2_s456,clip_hier_noisy,456,uniform,0.2,food_containers,3,500,75.800002,83.999997
feature_clip_hier_uniform_nf0.2_s456,clip_hier_noisy,456,uniform,0.2,fruit_and_vegetables,4,500,81.000000,86.600000
feature_clip_hier_uniform_nf0.2_s456,clip_hier_noisy,456,uniform,0.2,household_electrical_devices,5,500,84.200001,83.399999
feature_clip_hier_uniform_nf0.2_s456,clip_hier_noisy,456,uniform,0.2,household_furniture,6,500,77.600002,87.199998
feature_clip_hier_uniform_nf0.2_s456,clip_hier_noisy,456,uniform,0.2,insects,7,500,76.599997,83.399999
feature_clip_hier_uniform_nf0.2_s456,clip_hier_noisy,456,uniform,0.2,large_carnivores,8,500,69.999999,74.000001
feature_clip_hier_uniform_nf0.2_s456,clip_hier_noisy,456,uniform,0.2,large_man_made_outdoor_things,9,500,87.000000,89.200002
feature_clip_hier_uniform_nf0.2_s456,clip_hier_noisy,456,uniform,0.2,large_natural_outdoor_scenes,10,500,83.600003,88.400000
feature_clip_hier_uniform_nf0.2_s456,clip_hier_noisy,456,uniform,0.2,large_omnivores_and_herbivores,11,500,69.800001,72.200000
feature_clip_hier_uniform_nf0.2_s456,clip_hier_noisy,456,uniform,0.2,medium_mammals,12,500,59.600002,50.599998
feature_clip_hier_uniform_nf0.2_s456,clip_hier_noisy,456,uniform,0.2,non_insect_invertebrates,13,500,68.599999,65.799999
feature_clip_hier_uniform_nf0.2_s456,clip_hier_noisy,456,uniform,0.2,people,14,500,74.599999,94.400001
feature_clip_hier_uniform_nf0.2_s456,clip_hier_noisy,456,uniform,0.2,reptiles,15,500,56.999999,55.599999
feature_clip_hier_uniform_nf0.2_s456,clip_hier_noisy,456,uniform,0.2,small_mammals,16,500,55.000001,65.200001
feature_clip_hier_uniform_nf0.2_s456,clip_hier_noisy,456,uniform,0.2,trees,17,500,66.000003,92.799997
feature_clip_hier_uniform_nf0.2_s456,clip_hier_noisy,456,uniform,0.2,vehicles_1,18,500,84.799999,87.599999
feature_clip_hier_uniform_nf0.2_s456,clip_hier_noisy,456,uniform,0.2,vehicles_2,19,500,83.200002,78.399998
feature_clip_hier_uniform_nf0.3_s456,clip_hier_noisy,456,uniform,0.3,aquatic_mammals,0,500,50.199997,67.199999
feature_clip_hier_uniform_nf0.3_s456,clip_hier_noisy,456,uniform,0.3,fish,1,500,70.200002,71.600002
feature_clip_hier_uniform_nf0.3_s456,clip_hier_noisy,456,uniform,0.3,flowers,2,500,78.399998,90.399998
feature_clip_hier_uniform_nf0.3_s456,clip_hier_noisy,456,uniform,0.3,food_containers,3,500,76.599997,86.000001
feature_clip_hier_uniform_nf0.3_s456,clip_hier_noisy,456,uniform,0.3,fruit_and_vegetables,4,500,83.600003,88.400000
feature_clip_hier_uniform_nf0.3_s456,clip_hier_noisy,456,uniform,0.3,household_electrical_devices,5,500,82.200003,75.800002
feature_clip_hier_uniform_nf0.3_s456,clip_hier_noisy,456,uniform,0.3,household_furniture,6,500,78.600001,89.200002
feature_clip_hier_uniform_nf0.3_s456,clip_hier_noisy,456,uniform,0.3,insects,7,500,76.999998,83.600003
feature_clip_hier_uniform_nf0.3_s456,clip_hier_noisy,456,uniform,0.3,large_carnivores,8,500,66.000003,68.800002
feature_clip_hier_uniform_nf0.3_s456,clip_hier_noisy,456,uniform,0.3,large_man_made_outdoor_things,9,500,87.199998,89.200002
feature_clip_hier_uniform_nf0.3_s456,clip_hier_noisy,456,uniform,0.3,large_natural_outdoor_scenes,10,500,82.800001,89.800000
feature_clip_hier_uniform_nf0.3_s456,clip_hier_noisy,456,uniform,0.3,large_omnivores_and_herbivores,11,500,70.999998,73.799998
feature_clip_hier_uniform_nf0.3_s456,clip_hier_noisy,456,uniform,0.3,medium_mammals,12,500,61.400002,53.200001
feature_clip_hier_uniform_nf0.3_s456,clip_hier_noisy,456,uniform,0.3,non_insect_invertebrates,13,500,67.799997,59.600002
feature_clip_hier_uniform_nf0.3_s456,clip_hier_noisy,456,uniform,0.3,people,14,500,74.800003,94.000000
feature_clip_hier_uniform_nf0.3_s456,clip_hier_noisy,456,uniform,0.3,reptiles,15,500,58.200002,62.800002
feature_clip_hier_uniform_nf0.3_s456,clip_hier_noisy,456,uniform,0.3,small_mammals,16,500,52.600002,63.200003
feature_clip_hier_uniform_nf0.3_s456,clip_hier_noisy,456,uniform,0.3,trees,17,500,68.000001,89.800000
feature_clip_hier_uniform_nf0.3_s456,clip_hier_noisy,456,uniform,0.3,vehicles_1,18,500,83.600003,89.600003
feature_clip_hier_uniform_nf0.3_s456,clip_hier_noisy,456,uniform,0.3,vehicles_2,19,500,84.200001,75.599998
feature_clip_hier_uniform_nf0.5_s456,clip_hier_noisy,456,uniform,0.5,aquatic_mammals,0,500,50.599998,70.999998
feature_clip_hier_uniform_nf0.5_s456,clip_hier_noisy,456,uniform,0.5,fish,1,500,69.199997,70.599997
feature_clip_hier_uniform_nf0.5_s456,clip_hier_noisy,456,uniform,0.5,flowers,2,500,78.600001,92.600000
feature_clip_hier_uniform_nf0.5_s456,clip_hier_noisy,456,uniform,0.5,food_containers,3,500,74.599999,83.399999
feature_clip_hier_uniform_nf0.5_s456,clip_hier_noisy,456,uniform,0.5,fruit_and_vegetables,4,500,81.999999,86.799997
feature_clip_hier_uniform_nf0.5_s456,clip_hier_noisy,456,uniform,0.5,household_electrical_devices,5,500,84.600002,86.000001
feature_clip_hier_uniform_nf0.5_s456,clip_hier_noisy,456,uniform,0.5,household_furniture,6,500,77.200001,84.399998
feature_clip_hier_uniform_nf0.5_s456,clip_hier_noisy,456,uniform,0.5,insects,7,500,73.600000,77.999997
feature_clip_hier_uniform_nf0.5_s456,clip_hier_noisy,456,uniform,0.5,large_carnivores,8,500,68.000001,65.200001
feature_clip_hier_uniform_nf0.5_s456,clip_hier_noisy,456,uniform,0.5,large_man_made_outdoor_things,9,500,88.200003,89.600003
feature_clip_hier_uniform_nf0.5_s456,clip_hier_noisy,456,uniform,0.5,large_natural_outdoor_scenes,10,500,81.599998,86.000001
feature_clip_hier_uniform_nf0.5_s456,clip_hier_noisy,456,uniform,0.5,large_omnivores_and_herbivores,11,500,72.399998,74.599999
feature_clip_hier_uniform_nf0.5_s456,clip_hier_noisy,456,uniform,0.5,medium_mammals,12,500,60.000002,46.799999
feature_clip_hier_uniform_nf0.5_s456,clip_hier_noisy,456,uniform,0.5,non_insect_invertebrates,13,500,64.200002,53.600001
feature_clip_hier_uniform_nf0.5_s456,clip_hier_noisy,456,uniform,0.5,people,14,500,73.199999,94.999999
feature_clip_hier_uniform_nf0.5_s456,clip_hier_noisy,456,uniform,0.5,reptiles,15,500,56.999999,56.400001
feature_clip_hier_uniform_nf0.5_s456,clip_hier_noisy,456,uniform,0.5,small_mammals,16,500,56.599998,66.600001
feature_clip_hier_uniform_nf0.5_s456,clip_hier_noisy,456,uniform,0.5,trees,17,500,65.799999,88.599998
feature_clip_hier_uniform_nf0.5_s456,clip_hier_noisy,456,uniform,0.5,vehicles_1,18,500,85.799998,88.400000
feature_clip_hier_uniform_nf0.5_s456,clip_hier_noisy,456,uniform,0.5,vehicles_2,19,500,83.800000,72.200000
feature_clip_hier_uniform_nf0.7_s456,clip_hier_noisy,456,uniform,0.7,aquatic_mammals,0,500,49.000001,67.199999
feature_clip_hier_uniform_nf0.7_s456,clip_hier_noisy,456,uniform,0.7,fish,1,500,68.599999,68.599999
feature_clip_hier_uniform_nf0.7_s456,clip_hier_noisy,456,uniform,0.7,flowers,2,500,78.600001,93.400002
feature_clip_hier_uniform_nf0.7_s456,clip_hier_noisy,456,uniform,0.7,food_containers,3,500,75.999999,85.600001
feature_clip_hier_uniform_nf0.7_s456,clip_hier_noisy,456,uniform,0.7,fruit_and_vegetables,4,500,80.800003,87.199998
feature_clip_hier_uniform_nf0.7_s456,clip_hier_noisy,456,uniform,0.7,household_electrical_devices,5,500,81.000000,74.599999
feature_clip_hier_uniform_nf0.7_s456,clip_hier_noisy,456,uniform,0.7,household_furniture,6,500,76.800001,85.399997
feature_clip_hier_uniform_nf0.7_s456,clip_hier_noisy,456,uniform,0.7,insects,7,500,73.400003,78.399998
feature_clip_hier_uniform_nf0.7_s456,clip_hier_noisy,456,uniform,0.7,large_carnivores,8,500,64.800000,64.999998
feature_clip_hier_uniform_nf0.7_s456,clip_hier_noisy,456,uniform,0.7,large_man_made_outdoor_things,9,500,87.000000,83.800000
feature_clip_hier_uniform_nf0.7_s456,clip_hier_noisy,456,uniform,0.7,large_natural_outdoor_scenes,10,500,81.199998,86.000001
feature_clip_hier_uniform_nf0.7_s456,clip_hier_noisy,456,uniform,0.7,large_omnivores_and_herbivores,11,500,68.599999,67.199999
feature_clip_hier_uniform_nf0.7_s456,clip_hier_noisy,456,uniform,0.7,medium_mammals,12,500,58.200002,43.599999
feature_clip_hier_uniform_nf0.7_s456,clip_hier_noisy,456,uniform,0.7,non_insect_invertebrates,13,500,64.399999,41.200000
feature_clip_hier_uniform_nf0.7_s456,clip_hier_noisy,456,uniform,0.7,people,14,500,74.599999,94.800001
feature_clip_hier_uniform_nf0.7_s456,clip_hier_noisy,456,uniform,0.7,reptiles,15,500,58.600003,55.400002
feature_clip_hier_uniform_nf0.7_s456,clip_hier_noisy,456,uniform,0.7,small_mammals,16,500,55.800003,69.199997
feature_clip_hier_uniform_nf0.7_s456,clip_hier_noisy,456,uniform,0.7,trees,17,500,65.799999,92.000002
feature_clip_hier_uniform_nf0.7_s456,clip_hier_noisy,456,uniform,0.7,vehicles_1,18,500,86.400002,90.799999
feature_clip_hier_uniform_nf0.7_s456,clip_hier_noisy,456,uniform,0.7,vehicles_2,19,500,81.800002,66.799998
feature_clip_hier_uniform_nf1.0_s456,clip_hier_noisy,456,uniform,1.0,aquatic_mammals,0,500,46.000001,0.000000
feature_clip_hier_uniform_nf1.0_s456,clip_hier_noisy,456,uniform,1.0,fish,1,500,65.399998,1.800000
feature_clip_hier_uniform_nf1.0_s456,clip_hier_noisy,456,uniform,1.0,flowers,2,500,79.200000,0.000000
feature_clip_hier_uniform_nf1.0_s456,clip_hier_noisy,456,uniform,1.0,food_containers,3,500,73.600000,0.200000
feature_clip_hier_uniform_nf1.0_s456,clip_hier_noisy,456,uniform,1.0,fruit_and_vegetables,4,500,80.000001,0.000000
feature_clip_hier_uniform_nf1.0_s456,clip_hier_noisy,456,uniform,1.0,household_electrical_devices,5,500,81.800002,0.000000
feature_clip_hier_uniform_nf1.0_s456,clip_hier_noisy,456,uniform,1.0,household_furniture,6,500,75.999999,0.200000
feature_clip_hier_uniform_nf1.0_s456,clip_hier_noisy,456,uniform,1.0,insects,7,500,73.600000,0.000000
feature_clip_hier_uniform_nf1.0_s456,clip_hier_noisy,456,uniform,1.0,large_carnivores,8,500,64.600003,0.000000
feature_clip_hier_uniform_nf1.0_s456,clip_hier_noisy,456,uniform,1.0,large_man_made_outdoor_things,9,500,86.199999,0.000000
feature_clip_hier_uniform_nf1.0_s456,clip_hier_noisy,456,uniform,1.0,large_natural_outdoor_scenes,10,500,80.800003,0.200000
feature_clip_hier_uniform_nf1.0_s456,clip_hier_noisy,456,uniform,1.0,large_omnivores_and_herbivores,11,500,70.800000,0.400000
feature_clip_hier_uniform_nf1.0_s456,clip_hier_noisy,456,uniform,1.0,medium_mammals,12,500,55.000001,0.000000
feature_clip_hier_uniform_nf1.0_s456,clip_hier_noisy,456,uniform,1.0,non_insect_invertebrates,13,500,62.599999,1.400000
feature_clip_hier_uniform_nf1.0_s456,clip_hier_noisy,456,uniform,1.0,people,14,500,74.400002,0.000000
feature_clip_hier_uniform_nf1.0_s456,clip_hier_noisy,456,uniform,1.0,reptiles,15,500,61.199999,0.600000
feature_clip_hier_uniform_nf1.0_s456,clip_hier_noisy,456,uniform,1.0,small_mammals,16,500,54.000002,0.800000
feature_clip_hier_uniform_nf1.0_s456,clip_hier_noisy,456,uniform,1.0,trees,17,500,66.399997,0.200000
feature_clip_hier_uniform_nf1.0_s456,clip_hier_noisy,456,uniform,1.0,vehicles_1,18,500,85.600001,0.000000
feature_clip_hier_uniform_nf1.0_s456,clip_hier_noisy,456,uniform,1.0,vehicles_2,19,500,80.400002,0.600000
feature_clip_hier_in_domain_nf0.05_s456,clip_hier_noisy,456,in_domain,0.05,aquatic_mammals,0,500,55.599999,73.000002
feature_clip_hier_in_domain_nf0.05_s456,clip_hier_noisy,456,in_domain,0.05,fish,1,500,70.599997,72.799999
feature_clip_hier_in_domain_nf0.05_s456,clip_hier_noisy,456,in_domain,0.05,flowers,2,500,77.999997,91.600001
feature_clip_hier_in_domain_nf0.05_s456,clip_hier_noisy,456,in_domain,0.05,food_containers,3,500,75.400001,82.200003
feature_clip_hier_in_domain_nf0.05_s456,clip_hier_noisy,456,in_domain,0.05,fruit_and_vegetables,4,500,81.400001,86.199999
feature_clip_hier_in_domain_nf0.05_s456,clip_hier_noisy,456,in_domain,0.05,household_electrical_devices,5,500,84.200001,83.999997
feature_clip_hier_in_domain_nf0.05_s456,clip_hier_noisy,456,in_domain,0.05,household_furniture,6,500,76.999998,85.200000
feature_clip_hier_in_domain_nf0.05_s456,clip_hier_noisy,456,in_domain,0.05,insects,7,500,78.399998,82.200003
feature_clip_hier_in_domain_nf0.05_s456,clip_hier_noisy,456,in_domain,0.05,large_carnivores,8,500,69.400001,73.600000
feature_clip_hier_in_domain_nf0.05_s456,clip_hier_noisy,456,in_domain,0.05,large_man_made_outdoor_things,9,500,88.400000,90.799999
feature_clip_hier_in_domain_nf0.05_s456,clip_hier_noisy,456,in_domain,0.05,large_natural_outdoor_scenes,10,500,82.200003,87.000000
feature_clip_hier_in_domain_nf0.05_s456,clip_hier_noisy,456,in_domain,0.05,large_omnivores_and_herbivores,11,500,69.999999,72.200000
feature_clip_hier_in_domain_nf0.05_s456,clip_hier_noisy,456,in_domain,0.05,medium_mammals,12,500,60.399997,54.200000
feature_clip_hier_in_domain_nf0.05_s456,clip_hier_noisy,456,in_domain,0.05,non_insect_invertebrates,13,500,67.600000,64.399999
feature_clip_hier_in_domain_nf0.05_s456,clip_hier_noisy,456,in_domain,0.05,people,14,500,74.400002,94.999999
feature_clip_hier_in_domain_nf0.05_s456,clip_hier_noisy,456,in_domain,0.05,reptiles,15,500,59.600002,59.200001
feature_clip_hier_in_domain_nf0.05_s456,clip_hier_noisy,456,in_domain,0.05,small_mammals,16,500,55.599999,65.399998
feature_clip_hier_in_domain_nf0.05_s456,clip_hier_noisy,456,in_domain,0.05,trees,17,500,67.000002,91.000003
feature_clip_hier_in_domain_nf0.05_s456,clip_hier_noisy,456,in_domain,0.05,vehicles_1,18,500,86.000001,86.400002
feature_clip_hier_in_domain_nf0.05_s456,clip_hier_noisy,456,in_domain,0.05,vehicles_2,19,500,84.399998,81.199998
feature_clip_hier_in_domain_nf0.1_s456,clip_hier_noisy,456,in_domain,0.1,aquatic_mammals,0,500,52.600002,69.800001
feature_clip_hier_in_domain_nf0.1_s456,clip_hier_noisy,456,in_domain,0.1,fish,1,500,70.200002,72.799999
feature_clip_hier_in_domain_nf0.1_s456,clip_hier_noisy,456,in_domain,0.1,flowers,2,500,78.200001,90.399998
feature_clip_hier_in_domain_nf0.1_s456,clip_hier_noisy,456,in_domain,0.1,food_containers,3,500,74.400002,83.600003
feature_clip_hier_in_domain_nf0.1_s456,clip_hier_noisy,456,in_domain,0.1,fruit_and_vegetables,4,500,79.600000,84.399998
feature_clip_hier_in_domain_nf0.1_s456,clip_hier_noisy,456,in_domain,0.1,household_electrical_devices,5,500,82.999998,81.400001
feature_clip_hier_in_domain_nf0.1_s456,clip_hier_noisy,456,in_domain,0.1,household_furniture,6,500,75.999999,86.799997
feature_clip_hier_in_domain_nf0.1_s456,clip_hier_noisy,456,in_domain,0.1,insects,7,500,75.999999,83.600003
feature_clip_hier_in_domain_nf0.1_s456,clip_hier_noisy,456,in_domain,0.1,large_carnivores,8,500,68.800002,75.400001
feature_clip_hier_in_domain_nf0.1_s456,clip_hier_noisy,456,in_domain,0.1,large_man_made_outdoor_things,9,500,87.599999,90.600002
feature_clip_hier_in_domain_nf0.1_s456,clip_hier_noisy,456,in_domain,0.1,large_natural_outdoor_scenes,10,500,82.599998,86.600000
feature_clip_hier_in_domain_nf0.1_s456,clip_hier_noisy,456,in_domain,0.1,large_omnivores_and_herbivores,11,500,69.000000,74.599999
feature_clip_hier_in_domain_nf0.1_s456,clip_hier_noisy,456,in_domain,0.1,medium_mammals,12,500,62.199998,58.200002
feature_clip_hier_in_domain_nf0.1_s456,clip_hier_noisy,456,in_domain,0.1,non_insect_invertebrates,13,500,67.400002,60.200000
feature_clip_hier_in_domain_nf0.1_s456,clip_hier_noisy,456,in_domain,0.1,people,14,500,74.599999,94.199997
feature_clip_hier_in_domain_nf0.1_s456,clip_hier_noisy,456,in_domain,0.1,reptiles,15,500,60.399997,62.199998
feature_clip_hier_in_domain_nf0.1_s456,clip_hier_noisy,456,in_domain,0.1,small_mammals,16,500,54.799998,63.200003
feature_clip_hier_in_domain_nf0.1_s456,clip_hier_noisy,456,in_domain,0.1,trees,17,500,67.000002,92.199999
feature_clip_hier_in_domain_nf0.1_s456,clip_hier_noisy,456,in_domain,0.1,vehicles_1,18,500,85.799998,88.599998
feature_clip_hier_in_domain_nf0.1_s456,clip_hier_noisy,456,in_domain,0.1,vehicles_2,19,500,82.200003,76.999998
feature_clip_hier_in_domain_nf0.2_s456,clip_hier_noisy,456,in_domain,0.2,aquatic_mammals,0,500,51.999998,73.000002
feature_clip_hier_in_domain_nf0.2_s456,clip_hier_noisy,456,in_domain,0.2,fish,1,500,68.199998,66.600001
feature_clip_hier_in_domain_nf0.2_s456,clip_hier_noisy,456,in_domain,0.2,flowers,2,500,76.999998,89.399999
feature_clip_hier_in_domain_nf0.2_s456,clip_hier_noisy,456,in_domain,0.2,food_containers,3,500,74.599999,81.199998
feature_clip_hier_in_domain_nf0.2_s456,clip_hier_noisy,456,in_domain,0.2,fruit_and_vegetables,4,500,81.000000,86.000001
feature_clip_hier_in_domain_nf0.2_s456,clip_hier_noisy,456,in_domain,0.2,household_electrical_devices,5,500,82.400000,80.800003
feature_clip_hier_in_domain_nf0.2_s456,clip_hier_noisy,456,in_domain,0.2,household_furniture,6,500,75.199997,87.000000
feature_clip_hier_in_domain_nf0.2_s456,clip_hier_noisy,456,in_domain,0.2,insects,7,500,75.199997,76.800001
feature_clip_hier_in_domain_nf0.2_s456,clip_hier_noisy,456,in_domain,0.2,large_carnivores,8,500,65.200001,68.000001
feature_clip_hier_in_domain_nf0.2_s456,clip_hier_noisy,456,in_domain,0.2,large_man_made_outdoor_things,9,500,87.599999,91.600001
feature_clip_hier_in_domain_nf0.2_s456,clip_hier_noisy,456,in_domain,0.2,large_natural_outdoor_scenes,10,500,81.800002,83.800000
feature_clip_hier_in_domain_nf0.2_s456,clip_hier_noisy,456,in_domain,0.2,large_omnivores_and_herbivores,11,500,69.199997,74.800003
feature_clip_hier_in_domain_nf0.2_s456,clip_hier_noisy,456,in_domain,0.2,medium_mammals,12,500,61.799997,55.800003
feature_clip_hier_in_domain_nf0.2_s456,clip_hier_noisy,456,in_domain,0.2,non_insect_invertebrates,13,500,67.600000,67.000002
feature_clip_hier_in_domain_nf0.2_s456,clip_hier_noisy,456,in_domain,0.2,people,14,500,75.000000,92.600000
feature_clip_hier_in_domain_nf0.2_s456,clip_hier_noisy,456,in_domain,0.2,reptiles,15,500,61.199999,60.399997
feature_clip_hier_in_domain_nf0.2_s456,clip_hier_noisy,456,in_domain,0.2,small_mammals,16,500,56.800002,66.799998
feature_clip_hier_in_domain_nf0.2_s456,clip_hier_noisy,456,in_domain,0.2,trees,17,500,64.200002,88.200003
feature_clip_hier_in_domain_nf0.2_s456,clip_hier_noisy,456,in_domain,0.2,vehicles_1,18,500,82.599998,87.599999
feature_clip_hier_in_domain_nf0.2_s456,clip_hier_noisy,456,in_domain,0.2,vehicles_2,19,500,84.200001,78.200001
feature_clip_hier_in_domain_nf0.3_s456,clip_hier_noisy,456,in_domain,0.3,aquatic_mammals,0,500,52.800000,72.000003
feature_clip_hier_in_domain_nf0.3_s456,clip_hier_noisy,456,in_domain,0.3,fish,1,500,67.600000,66.600001
feature_clip_hier_in_domain_nf0.3_s456,clip_hier_noisy,456,in_domain,0.3,flowers,2,500,75.599998,88.999999
feature_clip_hier_in_domain_nf0.3_s456,clip_hier_noisy,456,in_domain,0.3,food_containers,3,500,72.799999,78.399998
feature_clip_hier_in_domain_nf0.3_s456,clip_hier_noisy,456,in_domain,0.3,fruit_and_vegetables,4,500,78.799999,80.400002
feature_clip_hier_in_domain_nf0.3_s456,clip_hier_noisy,456,in_domain,0.3,household_electrical_devices,5,500,83.600003,84.799999
feature_clip_hier_in_domain_nf0.3_s456,clip_hier_noisy,456,in_domain,0.3,household_furniture,6,500,76.800001,83.399999
feature_clip_hier_in_domain_nf0.3_s456,clip_hier_noisy,456,in_domain,0.3,insects,7,500,77.600002,86.400002
feature_clip_hier_in_domain_nf0.3_s456,clip_hier_noisy,456,in_domain,0.3,large_carnivores,8,500,65.200001,69.199997
feature_clip_hier_in_domain_nf0.3_s456,clip_hier_noisy,456,in_domain,0.3,large_man_made_outdoor_things,9,500,87.599999,89.200002
feature_clip_hier_in_domain_nf0.3_s456,clip_hier_noisy,456,in_domain,0.3,large_natural_outdoor_scenes,10,500,79.000002,81.000000
feature_clip_hier_in_domain_nf0.3_s456,clip_hier_noisy,456,in_domain,0.3,large_omnivores_and_herbivores,11,500,70.400000,73.000002
feature_clip_hier_in_domain_nf0.3_s456,clip_hier_noisy,456,in_domain,0.3,medium_mammals,12,500,60.799998,52.399999
feature_clip_hier_in_domain_nf0.3_s456,clip_hier_noisy,456,in_domain,0.3,non_insect_invertebrates,13,500,64.399999,58.999997
feature_clip_hier_in_domain_nf0.3_s456,clip_hier_noisy,456,in_domain,0.3,people,14,500,74.800003,92.199999
feature_clip_hier_in_domain_nf0.3_s456,clip_hier_noisy,456,in_domain,0.3,reptiles,15,500,60.200000,60.200000
feature_clip_hier_in_domain_nf0.3_s456,clip_hier_noisy,456,in_domain,0.3,small_mammals,16,500,55.400002,65.200001
feature_clip_hier_in_domain_nf0.3_s456,clip_hier_noisy,456,in_domain,0.3,trees,17,500,66.200000,90.200001
feature_clip_hier_in_domain_nf0.3_s456,clip_hier_noisy,456,in_domain,0.3,vehicles_1,18,500,85.200000,87.800002
feature_clip_hier_in_domain_nf0.3_s456,clip_hier_noisy,456,in_domain,0.3,vehicles_2,19,500,79.600000,72.000003
feature_clip_hier_in_domain_nf0.5_s456,clip_hier_noisy,456,in_domain,0.5,aquatic_mammals,0,500,49.000001,67.600000
feature_clip_hier_in_domain_nf0.5_s456,clip_hier_noisy,456,in_domain,0.5,fish,1,500,70.200002,72.399998
feature_clip_hier_in_domain_nf0.5_s456,clip_hier_noisy,456,in_domain,0.5,flowers,2,500,75.599998,80.199999
feature_clip_hier_in_domain_nf0.5_s456,clip_hier_noisy,456,in_domain,0.5,food_containers,3,500,72.399998,77.800000
feature_clip_hier_in_domain_nf0.5_s456,clip_hier_noisy,456,in_domain,0.5,fruit_and_vegetables,4,500,79.400003,83.800000
feature_clip_hier_in_domain_nf0.5_s456,clip_hier_noisy,456,in_domain,0.5,household_electrical_devices,5,500,77.800000,67.799997
feature_clip_hier_in_domain_nf0.5_s456,clip_hier_noisy,456,in_domain,0.5,household_furniture,6,500,73.199999,81.599998
feature_clip_hier_in_domain_nf0.5_s456,clip_hier_noisy,456,in_domain,0.5,insects,7,500,75.599998,83.999997
feature_clip_hier_in_domain_nf0.5_s456,clip_hier_noisy,456,in_domain,0.5,large_carnivores,8,500,67.600000,71.200001
feature_clip_hier_in_domain_nf0.5_s456,clip_hier_noisy,456,in_domain,0.5,large_man_made_outdoor_things,9,500,85.200000,18.000001
feature_clip_hier_in_domain_nf0.5_s456,clip_hier_noisy,456,in_domain,0.5,large_natural_outdoor_scenes,10,500,79.600000,77.399999
feature_clip_hier_in_domain_nf0.5_s456,clip_hier_noisy,456,in_domain,0.5,large_omnivores_and_herbivores,11,500,69.400001,77.800000
feature_clip_hier_in_domain_nf0.5_s456,clip_hier_noisy,456,in_domain,0.5,medium_mammals,12,500,61.199999,45.600000
feature_clip_hier_in_domain_nf0.5_s456,clip_hier_noisy,456,in_domain,0.5,non_insect_invertebrates,13,500,64.200002,50.599998
feature_clip_hier_in_domain_nf0.5_s456,clip_hier_noisy,456,in_domain,0.5,people,14,500,75.000000,87.800002
feature_clip_hier_in_domain_nf0.5_s456,clip_hier_noisy,456,in_domain,0.5,reptiles,15,500,58.200002,56.599998
feature_clip_hier_in_domain_nf0.5_s456,clip_hier_noisy,456,in_domain,0.5,small_mammals,16,500,52.200001,58.800000
feature_clip_hier_in_domain_nf0.5_s456,clip_hier_noisy,456,in_domain,0.5,trees,17,500,64.800000,88.400000
feature_clip_hier_in_domain_nf0.5_s456,clip_hier_noisy,456,in_domain,0.5,vehicles_1,18,500,84.200001,65.399998
feature_clip_hier_in_domain_nf0.5_s456,clip_hier_noisy,456,in_domain,0.5,vehicles_2,19,500,77.200001,34.400001
feature_clip_hier_in_domain_nf0.7_s456,clip_hier_noisy,456,in_domain,0.7,aquatic_mammals,0,500,50.800002,64.600003
feature_clip_hier_in_domain_nf0.7_s456,clip_hier_noisy,456,in_domain,0.7,fish,1,500,66.799998,66.799998
feature_clip_hier_in_domain_nf0.7_s456,clip_hier_noisy,456,in_domain,0.7,flowers,2,500,74.800003,7.200000
feature_clip_hier_in_domain_nf0.7_s456,clip_hier_noisy,456,in_domain,0.7,food_containers,3,500,72.000003,42.399999
feature_clip_hier_in_domain_nf0.7_s456,clip_hier_noisy,456,in_domain,0.7,fruit_and_vegetables,4,500,76.599997,25.999999
feature_clip_hier_in_domain_nf0.7_s456,clip_hier_noisy,456,in_domain,0.7,household_electrical_devices,5,500,76.400000,15.000001
feature_clip_hier_in_domain_nf0.7_s456,clip_hier_noisy,456,in_domain,0.7,household_furniture,6,500,70.200002,10.800000
feature_clip_hier_in_domain_nf0.7_s456,clip_hier_noisy,456,in_domain,0.7,insects,7,500,73.799998,75.999999
feature_clip_hier_in_domain_nf0.7_s456,clip_hier_noisy,456,in_domain,0.7,large_carnivores,8,500,63.400000,61.600000
feature_clip_hier_in_domain_nf0.7_s456,clip_hier_noisy,456,in_domain,0.7,large_man_made_outdoor_things,9,500,81.999999,5.400000
feature_clip_hier_in_domain_nf0.7_s456,clip_hier_noisy,456,in_domain,0.7,large_natural_outdoor_scenes,10,500,79.200000,8.800000
feature_clip_hier_in_domain_nf0.7_s456,clip_hier_noisy,456,in_domain,0.7,large_omnivores_and_herbivores,11,500,71.799999,75.000000
feature_clip_hier_in_domain_nf0.7_s456,clip_hier_noisy,456,in_domain,0.7,medium_mammals,12,500,60.200000,48.199999
feature_clip_hier_in_domain_nf0.7_s456,clip_hier_noisy,456,in_domain,0.7,non_insect_invertebrates,13,500,64.200002,57.599998
feature_clip_hier_in_domain_nf0.7_s456,clip_hier_noisy,456,in_domain,0.7,people,14,500,75.000000,80.400002
feature_clip_hier_in_domain_nf0.7_s456,clip_hier_noisy,456,in_domain,0.7,reptiles,15,500,57.999998,45.199999
feature_clip_hier_in_domain_nf0.7_s456,clip_hier_noisy,456,in_domain,0.7,small_mammals,16,500,50.599998,51.800001
feature_clip_hier_in_domain_nf0.7_s456,clip_hier_noisy,456,in_domain,0.7,trees,17,500,63.400000,7.600000
feature_clip_hier_in_domain_nf0.7_s456,clip_hier_noisy,456,in_domain,0.7,vehicles_1,18,500,77.399999,5.200000
feature_clip_hier_in_domain_nf0.7_s456,clip_hier_noisy,456,in_domain,0.7,vehicles_2,19,500,75.000000,22.600000
feature_clip_hier_in_domain_nf1.0_s456,clip_hier_noisy,456,in_domain,1.0,aquatic_mammals,0,500,47.200000,1.800000
feature_clip_hier_in_domain_nf1.0_s456,clip_hier_noisy,456,in_domain,1.0,fish,1,500,66.200000,0.200000
feature_clip_hier_in_domain_nf1.0_s456,clip_hier_noisy,456,in_domain,1.0,flowers,2,500,71.799999,1.200000
feature_clip_hier_in_domain_nf1.0_s456,clip_hier_noisy,456,in_domain,1.0,food_containers,3,500,66.399997,1.000000
feature_clip_hier_in_domain_nf1.0_s456,clip_hier_noisy,456,in_domain,1.0,fruit_and_vegetables,4,500,70.200002,0.800000
feature_clip_hier_in_domain_nf1.0_s456,clip_hier_noisy,456,in_domain,1.0,household_electrical_devices,5,500,72.399998,3.800000
feature_clip_hier_in_domain_nf1.0_s456,clip_hier_noisy,456,in_domain,1.0,household_furniture,6,500,59.399998,0.800000
feature_clip_hier_in_domain_nf1.0_s456,clip_hier_noisy,456,in_domain,1.0,insects,7,500,69.800001,0.000000
feature_clip_hier_in_domain_nf1.0_s456,clip_hier_noisy,456,in_domain,1.0,large_carnivores,8,500,62.199998,2.200000
feature_clip_hier_in_domain_nf1.0_s456,clip_hier_noisy,456,in_domain,1.0,large_man_made_outdoor_things,9,500,74.400002,4.000000
feature_clip_hier_in_domain_nf1.0_s456,clip_hier_noisy,456,in_domain,1.0,large_natural_outdoor_scenes,10,500,61.400002,1.600000
feature_clip_hier_in_domain_nf1.0_s456,clip_hier_noisy,456,in_domain,1.0,large_omnivores_and_herbivores,11,500,68.400002,1.000000
feature_clip_hier_in_domain_nf1.0_s456,clip_hier_noisy,456,in_domain,1.0,medium_mammals,12,500,57.200003,3.400000
feature_clip_hier_in_domain_nf1.0_s456,clip_hier_noisy,456,in_domain,1.0,non_insect_invertebrates,13,500,62.000000,0.200000
feature_clip_hier_in_domain_nf1.0_s456,clip_hier_noisy,456,in_domain,1.0,people,14,500,74.000001,0.000000
feature_clip_hier_in_domain_nf1.0_s456,clip_hier_noisy,456,in_domain,1.0,reptiles,15,500,55.800003,0.200000
feature_clip_hier_in_domain_nf1.0_s456,clip_hier_noisy,456,in_domain,1.0,small_mammals,16,500,50.199997,1.200000
feature_clip_hier_in_domain_nf1.0_s456,clip_hier_noisy,456,in_domain,1.0,trees,17,500,60.000002,0.000000
feature_clip_hier_in_domain_nf1.0_s456,clip_hier_noisy,456,in_domain,1.0,vehicles_1,18,500,69.000000,9.800000
feature_clip_hier_in_domain_nf1.0_s456,clip_hier_noisy,456,in_domain,1.0,vehicles_2,19,500,56.199998,6.400000
feature_clip_hier_cyclic_nf0.05_s456,clip_hier_noisy,456,cyclic,0.05,aquatic_mammals,0,500,49.000001,64.600003
feature_clip_hier_cyclic_nf0.05_s456,clip_hier_noisy,456,cyclic,0.05,fish,1,500,72.399998,78.600001
feature_clip_hier_cyclic_nf0.05_s456,clip_hier_noisy,456,cyclic,0.05,flowers,2,500,79.000002,93.000001
feature_clip_hier_cyclic_nf0.05_s456,clip_hier_noisy,456,cyclic,0.05,food_containers,3,500,74.400002,81.999999
feature_clip_hier_cyclic_nf0.05_s456,clip_hier_noisy,456,cyclic,0.05,fruit_and_vegetables,4,500,81.199998,86.199999
feature_clip_hier_cyclic_nf0.05_s456,clip_hier_noisy,456,cyclic,0.05,household_electrical_devices,5,500,84.399998,86.799997
feature_clip_hier_cyclic_nf0.05_s456,clip_hier_noisy,456,cyclic,0.05,household_furniture,6,500,77.200001,87.000000
feature_clip_hier_cyclic_nf0.05_s456,clip_hier_noisy,456,cyclic,0.05,insects,7,500,76.800001,82.400000
feature_clip_hier_cyclic_nf0.05_s456,clip_hier_noisy,456,cyclic,0.05,large_carnivores,8,500,68.800002,72.600001
feature_clip_hier_cyclic_nf0.05_s456,clip_hier_noisy,456,cyclic,0.05,large_man_made_outdoor_things,9,500,88.400000,88.800001
feature_clip_hier_cyclic_nf0.05_s456,clip_hier_noisy,456,cyclic,0.05,large_natural_outdoor_scenes,10,500,81.599998,86.000001
feature_clip_hier_cyclic_nf0.05_s456,clip_hier_noisy,456,cyclic,0.05,large_omnivores_and_herbivores,11,500,69.599998,73.400003
feature_clip_hier_cyclic_nf0.05_s456,clip_hier_noisy,456,cyclic,0.05,medium_mammals,12,500,61.799997,53.600001
feature_clip_hier_cyclic_nf0.05_s456,clip_hier_noisy,456,cyclic,0.05,non_insect_invertebrates,13,500,66.399997,57.599998
feature_clip_hier_cyclic_nf0.05_s456,clip_hier_noisy,456,cyclic,0.05,people,14,500,74.599999,95.599997
feature_clip_hier_cyclic_nf0.05_s456,clip_hier_noisy,456,cyclic,0.05,reptiles,15,500,60.799998,59.799999
feature_clip_hier_cyclic_nf0.05_s456,clip_hier_noisy,456,cyclic,0.05,small_mammals,16,500,56.400001,66.600001
feature_clip_hier_cyclic_nf0.05_s456,clip_hier_noisy,456,cyclic,0.05,trees,17,500,66.799998,92.799997
feature_clip_hier_cyclic_nf0.05_s456,clip_hier_noisy,456,cyclic,0.05,vehicles_1,18,500,84.799999,83.800000
feature_clip_hier_cyclic_nf0.05_s456,clip_hier_noisy,456,cyclic,0.05,vehicles_2,19,500,83.600003,81.800002
feature_clip_hier_cyclic_nf0.1_s456,clip_hier_noisy,456,cyclic,0.1,aquatic_mammals,0,500,48.199999,60.399997
feature_clip_hier_cyclic_nf0.1_s456,clip_hier_noisy,456,cyclic,0.1,fish,1,500,72.200000,77.999997
feature_clip_hier_cyclic_nf0.1_s456,clip_hier_noisy,456,cyclic,0.1,flowers,2,500,78.200001,92.400002
feature_clip_hier_cyclic_nf0.1_s456,clip_hier_noisy,456,cyclic,0.1,food_containers,3,500,73.799998,80.000001
feature_clip_hier_cyclic_nf0.1_s456,clip_hier_noisy,456,cyclic,0.1,fruit_and_vegetables,4,500,80.800003,83.999997
feature_clip_hier_cyclic_nf0.1_s456,clip_hier_noisy,456,cyclic,0.1,household_electrical_devices,5,500,85.399997,86.600000
feature_clip_hier_cyclic_nf0.1_s456,clip_hier_noisy,456,cyclic,0.1,household_furniture,6,500,77.200001,86.199999
feature_clip_hier_cyclic_nf0.1_s456,clip_hier_noisy,456,cyclic,0.1,insects,7,500,75.800002,79.600000
feature_clip_hier_cyclic_nf0.1_s456,clip_hier_noisy,456,cyclic,0.1,large_carnivores,8,500,67.600000,71.600002
feature_clip_hier_cyclic_nf0.1_s456,clip_hier_noisy,456,cyclic,0.1,large_man_made_outdoor_things,9,500,87.800002,87.800002
feature_clip_hier_cyclic_nf0.1_s456,clip_hier_noisy,456,cyclic,0.1,large_natural_outdoor_scenes,10,500,81.400001,84.600002
feature_clip_hier_cyclic_nf0.1_s456,clip_hier_noisy,456,cyclic,0.1,large_omnivores_and_herbivores,11,500,69.800001,73.600000
feature_clip_hier_cyclic_nf0.1_s456,clip_hier_noisy,456,cyclic,0.1,medium_mammals,12,500,60.799998,52.999997
feature_clip_hier_cyclic_nf0.1_s456,clip_hier_noisy,456,cyclic,0.1,non_insect_invertebrates,13,500,66.399997,60.799998
feature_clip_hier_cyclic_nf0.1_s456,clip_hier_noisy,456,cyclic,0.1,people,14,500,74.000001,94.999999
feature_clip_hier_cyclic_nf0.1_s456,clip_hier_noisy,456,cyclic,0.1,reptiles,15,500,60.000002,55.400002
feature_clip_hier_cyclic_nf0.1_s456,clip_hier_noisy,456,cyclic,0.1,small_mammals,16,500,56.800002,70.999998
feature_clip_hier_cyclic_nf0.1_s456,clip_hier_noisy,456,cyclic,0.1,trees,17,500,67.000002,94.599998
feature_clip_hier_cyclic_nf0.1_s456,clip_hier_noisy,456,cyclic,0.1,vehicles_1,18,500,84.200001,80.599999
feature_clip_hier_cyclic_nf0.1_s456,clip_hier_noisy,456,cyclic,0.1,vehicles_2,19,500,84.399998,81.599998
feature_clip_hier_cyclic_nf0.2_s456,clip_hier_noisy,456,cyclic,0.2,aquatic_mammals,0,500,45.400000,49.599999
feature_clip_hier_cyclic_nf0.2_s456,clip_hier_noisy,456,cyclic,0.2,fish,1,500,70.999998,77.999997
feature_clip_hier_cyclic_nf0.2_s456,clip_hier_noisy,456,cyclic,0.2,flowers,2,500,77.800000,91.600001
feature_clip_hier_cyclic_nf0.2_s456,clip_hier_noisy,456,cyclic,0.2,food_containers,3,500,72.600001,78.799999
feature_clip_hier_cyclic_nf0.2_s456,clip_hier_noisy,456,cyclic,0.2,fruit_and_vegetables,4,500,79.200000,77.200001
feature_clip_hier_cyclic_nf0.2_s456,clip_hier_noisy,456,cyclic,0.2,household_electrical_devices,5,500,83.399999,79.200000
feature_clip_hier_cyclic_nf0.2_s456,clip_hier_noisy,456,cyclic,0.2,household_furniture,6,500,75.800002,82.800001
feature_clip_hier_cyclic_nf0.2_s456,clip_hier_noisy,456,cyclic,0.2,insects,7,500,74.199998,76.999998
feature_clip_hier_cyclic_nf0.2_s456,clip_hier_noisy,456,cyclic,0.2,large_carnivores,8,500,66.799998,67.400002
feature_clip_hier_cyclic_nf0.2_s456,clip_hier_noisy,456,cyclic,0.2,large_man_made_outdoor_things,9,500,86.000001,80.000001
feature_clip_hier_cyclic_nf0.2_s456,clip_hier_noisy,456,cyclic,0.2,large_natural_outdoor_scenes,10,500,82.599998,81.000000
feature_clip_hier_cyclic_nf0.2_s456,clip_hier_noisy,456,cyclic,0.2,large_omnivores_and_herbivores,11,500,68.400002,68.000001
feature_clip_hier_cyclic_nf0.2_s456,clip_hier_noisy,456,cyclic,0.2,medium_mammals,12,500,60.399997,53.600001
feature_clip_hier_cyclic_nf0.2_s456,clip_hier_noisy,456,cyclic,0.2,non_insect_invertebrates,13,500,66.399997,60.399997
feature_clip_hier_cyclic_nf0.2_s456,clip_hier_noisy,456,cyclic,0.2,people,14,500,74.400002,94.999999
feature_clip_hier_cyclic_nf0.2_s456,clip_hier_noisy,456,cyclic,0.2,reptiles,15,500,57.400000,48.800001
feature_clip_hier_cyclic_nf0.2_s456,clip_hier_noisy,456,cyclic,0.2,small_mammals,16,500,55.199999,65.600002
feature_clip_hier_cyclic_nf0.2_s456,clip_hier_noisy,456,cyclic,0.2,trees,17,500,67.000002,92.000002
feature_clip_hier_cyclic_nf0.2_s456,clip_hier_noisy,456,cyclic,0.2,vehicles_1,18,500,82.800001,80.000001
feature_clip_hier_cyclic_nf0.2_s456,clip_hier_noisy,456,cyclic,0.2,vehicles_2,19,500,83.399999,78.600001
feature_clip_hier_cyclic_nf0.3_s456,clip_hier_noisy,456,cyclic,0.3,aquatic_mammals,0,500,42.199999,32.200000
feature_clip_hier_cyclic_nf0.3_s456,clip_hier_noisy,456,cyclic,0.3,fish,1,500,70.800000,75.199997
feature_clip_hier_cyclic_nf0.3_s456,clip_hier_noisy,456,cyclic,0.3,flowers,2,500,77.800000,91.000003
feature_clip_hier_cyclic_nf0.3_s456,clip_hier_noisy,456,cyclic,0.3,food_containers,3,500,74.000001,76.200002
feature_clip_hier_cyclic_nf0.3_s456,clip_hier_noisy,456,cyclic,0.3,fruit_and_vegetables,4,500,77.999997,67.799997
feature_clip_hier_cyclic_nf0.3_s456,clip_hier_noisy,456,cyclic,0.3,household_electrical_devices,5,500,81.800002,73.000002
feature_clip_hier_cyclic_nf0.3_s456,clip_hier_noisy,456,cyclic,0.3,household_furniture,6,500,72.000003,75.000000
feature_clip_hier_cyclic_nf0.3_s456,clip_hier_noisy,456,cyclic,0.3,insects,7,500,71.200001,69.000000
feature_clip_hier_cyclic_nf0.3_s456,clip_hier_noisy,456,cyclic,0.3,large_carnivores,8,500,68.199998,62.199998
feature_clip_hier_cyclic_nf0.3_s456,clip_hier_noisy,456,cyclic,0.3,large_man_made_outdoor_things,9,500,85.399997,74.199998
feature_clip_hier_cyclic_nf0.3_s456,clip_hier_noisy,456,cyclic,0.3,large_natural_outdoor_scenes,10,500,80.599999,66.799998
feature_clip_hier_cyclic_nf0.3_s456,clip_hier_noisy,456,cyclic,0.3,large_omnivores_and_herbivores,11,500,68.199998,68.400002
feature_clip_hier_cyclic_nf0.3_s456,clip_hier_noisy,456,cyclic,0.3,medium_mammals,12,500,60.200000,49.399999
feature_clip_hier_cyclic_nf0.3_s456,clip_hier_noisy,456,cyclic,0.3,non_insect_invertebrates,13,500,64.999998,47.999999
feature_clip_hier_cyclic_nf0.3_s456,clip_hier_noisy,456,cyclic,0.3,people,14,500,74.199998,91.399997
feature_clip_hier_cyclic_nf0.3_s456,clip_hier_noisy,456,cyclic,0.3,reptiles,15,500,57.599998,50.199997
feature_clip_hier_cyclic_nf0.3_s456,clip_hier_noisy,456,cyclic,0.3,small_mammals,16,500,54.600000,63.000000
feature_clip_hier_cyclic_nf0.3_s456,clip_hier_noisy,456,cyclic,0.3,trees,17,500,66.799998,87.400001
feature_clip_hier_cyclic_nf0.3_s456,clip_hier_noisy,456,cyclic,0.3,vehicles_1,18,500,82.200003,77.200001
feature_clip_hier_cyclic_nf0.3_s456,clip_hier_noisy,456,cyclic,0.3,vehicles_2,19,500,82.200003,76.599997
feature_clip_hier_cyclic_nf0.5_s456,clip_hier_noisy,456,cyclic,0.5,aquatic_mammals,0,500,40.200001,13.800000
feature_clip_hier_cyclic_nf0.5_s456,clip_hier_noisy,456,cyclic,0.5,fish,1,500,68.199998,42.199999
feature_clip_hier_cyclic_nf0.5_s456,clip_hier_noisy,456,cyclic,0.5,flowers,2,500,75.999999,60.399997
feature_clip_hier_cyclic_nf0.5_s456,clip_hier_noisy,456,cyclic,0.5,food_containers,3,500,70.599997,42.399999
feature_clip_hier_cyclic_nf0.5_s456,clip_hier_noisy,456,cyclic,0.5,fruit_and_vegetables,4,500,74.000001,22.000000
feature_clip_hier_cyclic_nf0.5_s456,clip_hier_noisy,456,cyclic,0.5,household_electrical_devices,5,500,78.600001,49.399999
feature_clip_hier_cyclic_nf0.5_s456,clip_hier_noisy,456,cyclic,0.5,household_furniture,6,500,64.399999,40.400001
feature_clip_hier_cyclic_nf0.5_s456,clip_hier_noisy,456,cyclic,0.5,insects,7,500,68.599999,51.800001
feature_clip_hier_cyclic_nf0.5_s456,clip_hier_noisy,456,cyclic,0.5,large_carnivores,8,500,64.999998,28.799999
feature_clip_hier_cyclic_nf0.5_s456,clip_hier_noisy,456,cyclic,0.5,large_man_made_outdoor_things,9,500,83.399999,23.400000
feature_clip_hier_cyclic_nf0.5_s456,clip_hier_noisy,456,cyclic,0.5,large_natural_outdoor_scenes,10,500,77.399999,43.200001
feature_clip_hier_cyclic_nf0.5_s456,clip_hier_noisy,456,cyclic,0.5,large_omnivores_and_herbivores,11,500,68.199998,44.999999
feature_clip_hier_cyclic_nf0.5_s456,clip_hier_noisy,456,cyclic,0.5,medium_mammals,12,500,60.399997,40.200001
feature_clip_hier_cyclic_nf0.5_s456,clip_hier_noisy,456,cyclic,0.5,non_insect_invertebrates,13,500,57.800001,12.000000
feature_clip_hier_cyclic_nf0.5_s456,clip_hier_noisy,456,cyclic,0.5,people,14,500,71.399999,41.999999
feature_clip_hier_cyclic_nf0.5_s456,clip_hier_noisy,456,cyclic,0.5,reptiles,15,500,57.400000,43.000001
feature_clip_hier_cyclic_nf0.5_s456,clip_hier_noisy,456,cyclic,0.5,small_mammals,16,500,44.400001,22.600000
feature_clip_hier_cyclic_nf0.5_s456,clip_hier_noisy,456,cyclic,0.5,trees,17,500,61.199999,51.599997
feature_clip_hier_cyclic_nf0.5_s456,clip_hier_noisy,456,cyclic,0.5,vehicles_1,18,500,79.400003,53.799999
feature_clip_hier_cyclic_nf0.5_s456,clip_hier_noisy,456,cyclic,0.5,vehicles_2,19,500,81.400001,58.399999
feature_clip_hier_cyclic_nf0.7_s456,clip_hier_noisy,456,cyclic,0.7,aquatic_mammals,0,500,34.999999,3.200000
feature_clip_hier_cyclic_nf0.7_s456,clip_hier_noisy,456,cyclic,0.7,fish,1,500,64.600003,18.799999
feature_clip_hier_cyclic_nf0.7_s456,clip_hier_noisy,456,cyclic,0.7,flowers,2,500,66.399997,27.200001
feature_clip_hier_cyclic_nf0.7_s456,clip_hier_noisy,456,cyclic,0.7,food_containers,3,500,65.399998,11.000000
feature_clip_hier_cyclic_nf0.7_s456,clip_hier_noisy,456,cyclic,0.7,fruit_and_vegetables,4,500,67.799997,6.800000
feature_clip_hier_cyclic_nf0.7_s456,clip_hier_noisy,456,cyclic,0.7,household_electrical_devices,5,500,72.000003,11.200000
feature_clip_hier_cyclic_nf0.7_s456,clip_hier_noisy,456,cyclic,0.7,household_furniture,6,500,52.600002,17.800000
feature_clip_hier_cyclic_nf0.7_s456,clip_hier_noisy,456,cyclic,0.7,insects,7,500,53.600001,4.600000
feature_clip_hier_cyclic_nf0.7_s456,clip_hier_noisy,456,cyclic,0.7,large_carnivores,8,500,55.800003,5.200000
feature_clip_hier_cyclic_nf0.7_s456,clip_hier_noisy,456,cyclic,0.7,large_man_made_outdoor_things,9,500,79.600000,4.800000
feature_clip_hier_cyclic_nf0.7_s456,clip_hier_noisy,456,cyclic,0.7,large_natural_outdoor_scenes,10,500,69.400001,17.600000
feature_clip_hier_cyclic_nf0.7_s456,clip_hier_noisy,456,cyclic,0.7,large_omnivores_and_herbivores,11,500,62.199998,5.600000
feature_clip_hier_cyclic_nf0.7_s456,clip_hier_noisy,456,cyclic,0.7,medium_mammals,12,500,51.599997,17.800000
feature_clip_hier_cyclic_nf0.7_s456,clip_hier_noisy,456,cyclic,0.7,non_insect_invertebrates,13,500,52.800000,4.400000
feature_clip_hier_cyclic_nf0.7_s456,clip_hier_noisy,456,cyclic,0.7,people,14,500,64.999998,9.000000
feature_clip_hier_cyclic_nf0.7_s456,clip_hier_noisy,456,cyclic,0.7,reptiles,15,500,49.599999,3.600000
feature_clip_hier_cyclic_nf0.7_s456,clip_hier_noisy,456,cyclic,0.7,small_mammals,16,500,40.599999,10.400000
feature_clip_hier_cyclic_nf0.7_s456,clip_hier_noisy,456,cyclic,0.7,trees,17,500,49.800000,13.600001
feature_clip_hier_cyclic_nf0.7_s456,clip_hier_noisy,456,cyclic,0.7,vehicles_1,18,500,77.600002,11.400000
feature_clip_hier_cyclic_nf0.7_s456,clip_hier_noisy,456,cyclic,0.7,vehicles_2,19,500,72.200000,24.200000
feature_clip_hier_cyclic_nf1.0_s456,clip_hier_noisy,456,cyclic,1.0,aquatic_mammals,0,500,21.200000,0.000000
feature_clip_hier_cyclic_nf1.0_s456,clip_hier_noisy,456,cyclic,1.0,fish,1,500,56.400001,6.000000
feature_clip_hier_cyclic_nf1.0_s456,clip_hier_noisy,456,cyclic,1.0,flowers,2,500,51.999998,1.600000
feature_clip_hier_cyclic_nf1.0_s456,clip_hier_noisy,456,cyclic,1.0,food_containers,3,500,51.800001,0.800000
feature_clip_hier_cyclic_nf1.0_s456,clip_hier_noisy,456,cyclic,1.0,fruit_and_vegetables,4,500,50.800002,1.800000
feature_clip_hier_cyclic_nf1.0_s456,clip_hier_noisy,456,cyclic,1.0,household_electrical_devices,5,500,63.400000,0.800000
feature_clip_hier_cyclic_nf1.0_s456,clip_hier_noisy,456,cyclic,1.0,household_furniture,6,500,42.600000,5.600000
feature_clip_hier_cyclic_nf1.0_s456,clip_hier_noisy,456,cyclic,1.0,insects,7,500,46.200001,0.000000
feature_clip_hier_cyclic_nf1.0_s456,clip_hier_noisy,456,cyclic,1.0,large_carnivores,8,500,44.400001,0.000000
feature_clip_hier_cyclic_nf1.0_s456,clip_hier_noisy,456,cyclic,1.0,large_man_made_outdoor_things,9,500,69.400001,0.400000
feature_clip_hier_cyclic_nf1.0_s456,clip_hier_noisy,456,cyclic,1.0,large_natural_outdoor_scenes,10,500,56.000000,3.000000
feature_clip_hier_cyclic_nf1.0_s456,clip_hier_noisy,456,cyclic,1.0,large_omnivores_and_herbivores,11,500,48.600000,0.000000
feature_clip_hier_cyclic_nf1.0_s456,clip_hier_noisy,456,cyclic,1.0,medium_mammals,12,500,38.800001,5.400000
feature_clip_hier_cyclic_nf1.0_s456,clip_hier_noisy,456,cyclic,1.0,non_insect_invertebrates,13,500,36.800000,1.200000
feature_clip_hier_cyclic_nf1.0_s456,clip_hier_noisy,456,cyclic,1.0,people,14,500,33.800000,0.400000
feature_clip_hier_cyclic_nf1.0_s456,clip_hier_noisy,456,cyclic,1.0,reptiles,15,500,41.200000,0.200000
feature_clip_hier_cyclic_nf1.0_s456,clip_hier_noisy,456,cyclic,1.0,small_mammals,16,500,31.000000,2.000000
feature_clip_hier_cyclic_nf1.0_s456,clip_hier_noisy,456,cyclic,1.0,trees,17,500,41.600001,1.000000
feature_clip_hier_cyclic_nf1.0_s456,clip_hier_noisy,456,cyclic,1.0,vehicles_1,18,500,67.799997,0.200000
feature_clip_hier_cyclic_nf1.0_s456,clip_hier_noisy,456,cyclic,1.0,vehicles_2,19,500,61.600000,12.000000
